financial_year,sending_location,age_group,measure,nclient,rate
2017/18,Scotland (All Areas Submitted),All Ages,"Rate per 1,000 People",8115,39.8
2017/18,Scotland (All Areas Submitted),All Ages,"Rate per 1,000 People (adjusted)",8115,42.9
2017/18,Scotland (All Areas Submitted),0-17 years,"Rate per 1,000 People",5,1.7
2017/18,Scotland (All Areas Submitted),0-17 years,"Rate per 1,000 People (adjusted)",5,1.9
2017/18,Scotland (All Areas Submitted),18-64 years,"Rate per 1,000 People",700,16.3
2017/18,Scotland (All Areas Submitted),18-64 years,"Rate per 1,000 People (adjusted)",700,17.3
2017/18,Scotland (All Areas Submitted),65-74 years,"Rate per 1,000 People",1090,36.1
2017/18,Scotland (All Areas Submitted),65-74 years,"Rate per 1,000 People (adjusted)",1090,38.3
2017/18,Scotland (All Areas Submitted),75-84 years,"Rate per 1,000 People",2680,43.1
2017/18,Scotland (All Areas Submitted),75-84 years,"Rate per 1,000 People (adjusted)",2680,46.1
2017/18,Scotland (All Areas Submitted),85+ years,"Rate per 1,000 People",3630,55.6
2017/18,Scotland (All Areas Submitted),85+ years,"Rate per 1,000 People (adjusted)",3645,61.3
2017/18,Scotland (All Areas Submitted),Unknown,"Rate per 1,000 People",15,46.4
2017/18,Scotland (All Areas Submitted),Unknown,"Rate per 1,000 People (adjusted)",0,0
2018/19,Scotland (All Areas Submitted),All Ages,"Rate per 1,000 People",5965,24.8
2018/19,Scotland (All Areas Submitted),All Ages,"Rate per 1,000 People (adjusted)",5965,27
2018/19,Scotland (All Areas Submitted),0-17 years,"Rate per 1,000 People",0,0
2018/19,Scotland (All Areas Submitted),0-17 years,"Rate per 1,000 People (adjusted)",0,0
2018/19,Scotland (All Areas Submitted),18-64 years,"Rate per 1,000 People",535,10.4
2018/19,Scotland (All Areas Submitted),18-64 years,"Rate per 1,000 People (adjusted)",535,11.2
2018/19,Scotland (All Areas Submitted),65-74 years,"Rate per 1,000 People",920,25.8
2018/19,Scotland (All Areas Submitted),65-74 years,"Rate per 1,000 People (adjusted)",920,27.5
2018/19,Scotland (All Areas Submitted),75-84 years,"Rate per 1,000 People",2030,27.9
2018/19,Scotland (All Areas Submitted),75-84 years,"Rate per 1,000 People (adjusted)",2030,30.1
2018/19,Scotland (All Areas Submitted),85+ years,"Rate per 1,000 People",2460,31.9
2018/19,Scotland (All Areas Submitted),85+ years,"Rate per 1,000 People (adjusted)",2480,35.9
2018/19,Scotland (All Areas Submitted),Unknown,"Rate per 1,000 People",20,77.8
2018/19,Scotland (All Areas Submitted),Unknown,"Rate per 1,000 People (adjusted)",0,0
2019/20,Scotland (All Areas Submitted),All Ages,"Rate per 1,000 People",6430,28.5
2019/20,Scotland (All Areas Submitted),All Ages,"Rate per 1,000 People (adjusted)",6430,31.2
2019/20,Scotland (All Areas Submitted),0-17 years,"Rate per 1,000 People",0,0
2019/20,Scotland (All Areas Submitted),0-17 years,"Rate per 1,000 People (adjusted)",0,0
2019/20,Scotland (All Areas Submitted),18-64 years,"Rate per 1,000 People",535,11.2
2019/20,Scotland (All Areas Submitted),18-64 years,"Rate per 1,000 People (adjusted)",535,11.9
2019/20,Scotland (All Areas Submitted),65-74 years,"Rate per 1,000 People",930,28.1
2019/20,Scotland (All Areas Submitted),65-74 years,"Rate per 1,000 People (adjusted)",930,30.2
2019/20,Scotland (All Areas Submitted),75-84 years,"Rate per 1,000 People",2200,32.3
2019/20,Scotland (All Areas Submitted),75-84 years,"Rate per 1,000 People (adjusted)",2200,35.1
2019/20,Scotland (All Areas Submitted),85+ years,"Rate per 1,000 People",2760,37.5
2019/20,Scotland (All Areas Submitted),85+ years,"Rate per 1,000 People (adjusted)",2770,42.6
2019/20,Scotland (All Areas Submitted),Unknown,"Rate per 1,000 People",10,35.2
2019/20,Scotland (All Areas Submitted),Unknown,"Rate per 1,000 People (adjusted)",0,0
2020/21,Scotland (All Areas Submitted),All Ages,"Rate per 1,000 People",5695,25.4
2020/21,Scotland (All Areas Submitted),All Ages,"Rate per 1,000 People (adjusted)",5695,28.6
2020/21,Scotland (All Areas Submitted),0-17 years,"Rate per 1,000 People",0,0
2020/21,Scotland (All Areas Submitted),0-17 years,"Rate per 1,000 People (adjusted)",0,0
2020/21,Scotland (All Areas Submitted),18-64 years,"Rate per 1,000 People",560,11.6
2020/21,Scotland (All Areas Submitted),18-64 years,"Rate per 1,000 People (adjusted)",560,13
2020/21,Scotland (All Areas Submitted),65-74 years,"Rate per 1,000 People",805,25.1
2020/21,Scotland (All Areas Submitted),65-74 years,"Rate per 1,000 People (adjusted)",805,27.4
2020/21,Scotland (All Areas Submitted),75-84 years,"Rate per 1,000 People",1900,29
2020/21,Scotland (All Areas Submitted),75-84 years,"Rate per 1,000 People (adjusted)",1900,32
2020/21,Scotland (All Areas Submitted),85+ years,"Rate per 1,000 People",2420,32.6
2020/21,Scotland (All Areas Submitted),85+ years,"Rate per 1,000 People (adjusted)",2425,37.5
2020/21,Scotland (All Areas Submitted),Unknown,"Rate per 1,000 People",5,6
2020/21,Scotland (All Areas Submitted),Unknown,"Rate per 1,000 People (adjusted)",0,0
2017/18,Aberdeen City,All Ages,"Rate per 1,000 People",395,37.4
2017/18,Aberdeen City,All Ages,"Rate per 1,000 People (adjusted)",395,38.2
2017/18,Aberdeen City,0-17 years,"Rate per 1,000 People",0,0
2017/18,Aberdeen City,0-17 years,"Rate per 1,000 People (adjusted)",0,0
2017/18,Aberdeen City,18-64 years,"Rate per 1,000 People",35,11.1
2017/18,Aberdeen City,18-64 years,"Rate per 1,000 People (adjusted)",35,11.6
2017/18,Aberdeen City,65-74 years,"Rate per 1,000 People",70,48.4
2017/18,Aberdeen City,65-74 years,"Rate per 1,000 People (adjusted)",70,48.6
2017/18,Aberdeen City,75-84 years,"Rate per 1,000 People",115,44
2017/18,Aberdeen City,75-84 years,"Rate per 1,000 People (adjusted)",115,44.2
2017/18,Aberdeen City,85+ years,"Rate per 1,000 People",175,57.4
2017/18,Aberdeen City,85+ years,"Rate per 1,000 People (adjusted)",175,57.8
2017/18,Aberdeen City,Unknown,"Rate per 1,000 People",0,0
2017/18,Aberdeen City,Unknown,"Rate per 1,000 People (adjusted)",0,0
2018/19,Aberdeen City,All Ages,"Rate per 1,000 People",310,29.7
2018/19,Aberdeen City,All Ages,"Rate per 1,000 People (adjusted)",310,34.9
2018/19,Aberdeen City,0-17 years,"Rate per 1,000 People",0,0
2018/19,Aberdeen City,0-17 years,"Rate per 1,000 People (adjusted)",0,0
2018/19,Aberdeen City,18-64 years,"Rate per 1,000 People",30,9.8
2018/19,Aberdeen City,18-64 years,"Rate per 1,000 People (adjusted)",30,11.8
2018/19,Aberdeen City,65-74 years,"Rate per 1,000 People",50,33.5
2018/19,Aberdeen City,65-74 years,"Rate per 1,000 People (adjusted)",50,37.8
2018/19,Aberdeen City,75-84 years,"Rate per 1,000 People",90,35.9
2018/19,Aberdeen City,75-84 years,"Rate per 1,000 People (adjusted)",90,41.2
2018/19,Aberdeen City,85+ years,"Rate per 1,000 People",135,45.5
2018/19,Aberdeen City,85+ years,"Rate per 1,000 People (adjusted)",135,53.4
2018/19,Aberdeen City,Unknown,"Rate per 1,000 People",0,0
2018/19,Aberdeen City,Unknown,"Rate per 1,000 People (adjusted)",0,0
2017/18,Aberdeenshire,All Ages,"Rate per 1,000 People",50,5.5
2017/18,Aberdeenshire,All Ages,"Rate per 1,000 People (adjusted)",50,5.5
2017/18,Aberdeenshire,0-17 years,"Rate per 1,000 People",0,0
2017/18,Aberdeenshire,0-17 years,"Rate per 1,000 People (adjusted)",0,0
2017/18,Aberdeenshire,18-64 years,"Rate per 1,000 People",5,2.9
2017/18,Aberdeenshire,18-64 years,"Rate per 1,000 People (adjusted)",5,3
2017/18,Aberdeenshire,65-74 years,"Rate per 1,000 People",10,7.6
2017/18,Aberdeenshire,65-74 years,"Rate per 1,000 People (adjusted)",10,7.6
2017/18,Aberdeenshire,75-84 years,"Rate per 1,000 People",15,5.3
2017/18,Aberdeenshire,75-84 years,"Rate per 1,000 People (adjusted)",15,5.3
2017/18,Aberdeenshire,85+ years,"Rate per 1,000 People",25,7.8
2017/18,Aberdeenshire,85+ years,"Rate per 1,000 People (adjusted)",25,7.9
2017/18,Aberdeenshire,Unknown,"Rate per 1,000 People",0,0
2017/18,Aberdeenshire,Unknown,"Rate per 1,000 People (adjusted)",0,0
2018/19,Aberdeenshire,All Ages,"Rate per 1,000 People",35,3
2018/19,Aberdeenshire,All Ages,"Rate per 1,000 People (adjusted)",35,3.1
2018/19,Aberdeenshire,0-17 years,"Rate per 1,000 People",0,0
2018/19,Aberdeenshire,0-17 years,"Rate per 1,000 People (adjusted)",0,0
2018/19,Aberdeenshire,18-64 years,"Rate per 1,000 People",0,0
2018/19,Aberdeenshire,18-64 years,"Rate per 1,000 People (adjusted)",0,0
2018/19,Aberdeenshire,65-74 years,"Rate per 1,000 People",5,3.1
2018/19,Aberdeenshire,65-74 years,"Rate per 1,000 People (adjusted)",5,3.1
2018/19,Aberdeenshire,75-84 years,"Rate per 1,000 People",10,3.1
2018/19,Aberdeenshire,75-84 years,"Rate per 1,000 People (adjusted)",10,3.1
2018/19,Aberdeenshire,85+ years,"Rate per 1,000 People",20,5.5
2018/19,Aberdeenshire,85+ years,"Rate per 1,000 People (adjusted)",20,5.6
2018/19,Aberdeenshire,Unknown,"Rate per 1,000 People",0,0
2018/19,Aberdeenshire,Unknown,"Rate per 1,000 People (adjusted)",0,0
2019/20,Aberdeenshire,All Ages,"Rate per 1,000 People",25,2
2019/20,Aberdeenshire,All Ages,"Rate per 1,000 People (adjusted)",25,2
2019/20,Aberdeenshire,0-17 years,"Rate per 1,000 People",0,0
2019/20,Aberdeenshire,0-17 years,"Rate per 1,000 People (adjusted)",0,0
2019/20,Aberdeenshire,18-64 years,"Rate per 1,000 People",0,0
2019/20,Aberdeenshire,18-64 years,"Rate per 1,000 People (adjusted)",0,0
2019/20,Aberdeenshire,65-74 years,"Rate per 1,000 People",5,2.7
2019/20,Aberdeenshire,65-74 years,"Rate per 1,000 People (adjusted)",5,2.7
2019/20,Aberdeenshire,75-84 years,"Rate per 1,000 People",5,1.4
2019/20,Aberdeenshire,75-84 years,"Rate per 1,000 People (adjusted)",5,1.4
2019/20,Aberdeenshire,85+ years,"Rate per 1,000 People",15,4
2019/20,Aberdeenshire,85+ years,"Rate per 1,000 People (adjusted)",15,4
2019/20,Aberdeenshire,Unknown,"Rate per 1,000 People",0,0
2019/20,Aberdeenshire,Unknown,"Rate per 1,000 People (adjusted)",0,0
2020/21,Aberdeenshire,All Ages,"Rate per 1,000 People",20,2.2
2020/21,Aberdeenshire,All Ages,"Rate per 1,000 People (adjusted)",20,2.2
2020/21,Aberdeenshire,0-17 years,"Rate per 1,000 People",0,0
2020/21,Aberdeenshire,0-17 years,"Rate per 1,000 People (adjusted)",0,0
2020/21,Aberdeenshire,18-64 years,"Rate per 1,000 People",0,0
2020/21,Aberdeenshire,18-64 years,"Rate per 1,000 People (adjusted)",0,0
2020/21,Aberdeenshire,65-74 years,"Rate per 1,000 People",5,3.7
2020/21,Aberdeenshire,65-74 years,"Rate per 1,000 People (adjusted)",5,3.8
2020/21,Aberdeenshire,75-84 years,"Rate per 1,000 People",5,1.8
2020/21,Aberdeenshire,75-84 years,"Rate per 1,000 People (adjusted)",5,1.8
2020/21,Aberdeenshire,85+ years,"Rate per 1,000 People",10,2.9
2020/21,Aberdeenshire,85+ years,"Rate per 1,000 People (adjusted)",10,3
2020/21,Aberdeenshire,Unknown,"Rate per 1,000 People",0,0
2020/21,Aberdeenshire,Unknown,"Rate per 1,000 People (adjusted)",0,0
2017/18,Angus,All Ages,"Rate per 1,000 People",865,148.2
2017/18,Angus,All Ages,"Rate per 1,000 People (adjusted)",865,148.2
2017/18,Angus,0-17 years,"Rate per 1,000 People",0,0
2017/18,Angus,0-17 years,"Rate per 1,000 People (adjusted)",0,0
2017/18,Angus,18-64 years,"Rate per 1,000 People",105,108.5
2017/18,Angus,18-64 years,"Rate per 1,000 People (adjusted)",105,108.5
2017/18,Angus,65-74 years,"Rate per 1,000 People",85,110.5
2017/18,Angus,65-74 years,"Rate per 1,000 People (adjusted)",85,110.5
2017/18,Angus,75-84 years,"Rate per 1,000 People",270,148.4
2017/18,Angus,75-84 years,"Rate per 1,000 People (adjusted)",270,148.4
2017/18,Angus,85+ years,"Rate per 1,000 People",400,177.5
2017/18,Angus,85+ years,"Rate per 1,000 People (adjusted)",400,177.4
2017/18,Angus,Unknown,"Rate per 1,000 People",0,0
2017/18,Angus,Unknown,"Rate per 1,000 People (adjusted)",0,0
2018/19,Angus,All Ages,"Rate per 1,000 People",635,98.4
2018/19,Angus,All Ages,"Rate per 1,000 People (adjusted)",635,98.4
2018/19,Angus,0-17 years,"Rate per 1,000 People",0,0
2018/19,Angus,0-17 years,"Rate per 1,000 People (adjusted)",0,0
2018/19,Angus,18-64 years,"Rate per 1,000 People",80,76.4
2018/19,Angus,18-64 years,"Rate per 1,000 People (adjusted)",80,76.4
2018/19,Angus,65-74 years,"Rate per 1,000 People",60,70
2018/19,Angus,65-74 years,"Rate per 1,000 People (adjusted)",60,70
2018/19,Angus,75-84 years,"Rate per 1,000 People",215,106.9
2018/19,Angus,75-84 years,"Rate per 1,000 People (adjusted)",215,106.9
2018/19,Angus,85+ years,"Rate per 1,000 People",280,111
2018/19,Angus,85+ years,"Rate per 1,000 People (adjusted)",280,111
2018/19,Angus,Unknown,"Rate per 1,000 People",0,0
2018/19,Angus,Unknown,"Rate per 1,000 People (adjusted)",0,0
2019/20,Angus,All Ages,"Rate per 1,000 People",665,109.7
2019/20,Angus,All Ages,"Rate per 1,000 People (adjusted)",665,109.7
2019/20,Angus,0-17 years,"Rate per 1,000 People",0,0
2019/20,Angus,0-17 years,"Rate per 1,000 People (adjusted)",0,0
2019/20,Angus,18-64 years,"Rate per 1,000 People",45,43
2019/20,Angus,18-64 years,"Rate per 1,000 People (adjusted)",45,43
2019/20,Angus,65-74 years,"Rate per 1,000 People",70,82.2
2019/20,Angus,65-74 years,"Rate per 1,000 People (adjusted)",70,82.3
2019/20,Angus,75-84 years,"Rate per 1,000 People",235,121.1
2019/20,Angus,75-84 years,"Rate per 1,000 People (adjusted)",235,121.1
2019/20,Angus,85+ years,"Rate per 1,000 People",315,142.7
2019/20,Angus,85+ years,"Rate per 1,000 People (adjusted)",315,142.5
2019/20,Angus,Unknown,"Rate per 1,000 People",0,0
2019/20,Angus,Unknown,"Rate per 1,000 People (adjusted)",0,0
2020/21,Angus,All Ages,"Rate per 1,000 People",495,77.7
2020/21,Angus,All Ages,"Rate per 1,000 People (adjusted)",495,77.9
2020/21,Angus,0-17 years,"Rate per 1,000 People",0,0
2020/21,Angus,0-17 years,"Rate per 1,000 People (adjusted)",0,0
2020/21,Angus,18-64 years,"Rate per 1,000 People",30,26.5
2020/21,Angus,18-64 years,"Rate per 1,000 People (adjusted)",30,26.8
2020/21,Angus,65-74 years,"Rate per 1,000 People",55,62.5
2020/21,Angus,65-74 years,"Rate per 1,000 People (adjusted)",55,62.9
2020/21,Angus,75-84 years,"Rate per 1,000 People",160,81.1
2020/21,Angus,75-84 years,"Rate per 1,000 People (adjusted)",160,81.1
2020/21,Angus,85+ years,"Rate per 1,000 People",250,105.7
2020/21,Angus,85+ years,"Rate per 1,000 People (adjusted)",250,105.6
2020/21,Angus,Unknown,"Rate per 1,000 People",0,0
2020/21,Angus,Unknown,"Rate per 1,000 People (adjusted)",0,0
2017/18,Clackmannanshire,All Ages,"Rate per 1,000 People",110,39.7
2017/18,Clackmannanshire,All Ages,"Rate per 1,000 People (adjusted)",110,39.7
2017/18,Clackmannanshire,0-17 years,"Rate per 1,000 People",0,0
2017/18,Clackmannanshire,0-17 years,"Rate per 1,000 People (adjusted)",0,0
2017/18,Clackmannanshire,18-64 years,"Rate per 1,000 People",5,7.9
2017/18,Clackmannanshire,18-64 years,"Rate per 1,000 People (adjusted)",5,7.9
2017/18,Clackmannanshire,65-74 years,"Rate per 1,000 People",15,31.1
2017/18,Clackmannanshire,65-74 years,"Rate per 1,000 People (adjusted)",15,31.1
2017/18,Clackmannanshire,75-84 years,"Rate per 1,000 People",40,44.6
2017/18,Clackmannanshire,75-84 years,"Rate per 1,000 People (adjusted)",40,44.6
2017/18,Clackmannanshire,85+ years,"Rate per 1,000 People",50,66.7
2017/18,Clackmannanshire,85+ years,"Rate per 1,000 People (adjusted)",50,66.7
2017/18,Clackmannanshire,Unknown,"Rate per 1,000 People",0,0
2017/18,Clackmannanshire,Unknown,"Rate per 1,000 People (adjusted)",0,0
2018/19,Clackmannanshire,All Ages,"Rate per 1,000 People",20,7.6
2018/19,Clackmannanshire,All Ages,"Rate per 1,000 People (adjusted)",20,7.6
2018/19,Clackmannanshire,0-17 years,"Rate per 1,000 People",0,0
2018/19,Clackmannanshire,0-17 years,"Rate per 1,000 People (adjusted)",0,0
2018/19,Clackmannanshire,18-64 years,"Rate per 1,000 People",0,0
2018/19,Clackmannanshire,18-64 years,"Rate per 1,000 People (adjusted)",0,0
2018/19,Clackmannanshire,65-74 years,"Rate per 1,000 People",0,0
2018/19,Clackmannanshire,65-74 years,"Rate per 1,000 People (adjusted)",0,0
2018/19,Clackmannanshire,75-84 years,"Rate per 1,000 People",10,11.1
2018/19,Clackmannanshire,75-84 years,"Rate per 1,000 People (adjusted)",10,11.1
2018/19,Clackmannanshire,85+ years,"Rate per 1,000 People",10,14.4
2018/19,Clackmannanshire,85+ years,"Rate per 1,000 People (adjusted)",10,14.4
2018/19,Clackmannanshire,Unknown,"Rate per 1,000 People",0,0
2018/19,Clackmannanshire,Unknown,"Rate per 1,000 People (adjusted)",0,0
2017/18,Dumfries and Galloway,All Ages,"Rate per 1,000 People",270,38.2
2017/18,Dumfries and Galloway,All Ages,"Rate per 1,000 People (adjusted)",270,38.2
2017/18,Dumfries and Galloway,0-17 years,"Rate per 1,000 People",0,0
2017/18,Dumfries and Galloway,0-17 years,"Rate per 1,000 People (adjusted)",0,0
2017/18,Dumfries and Galloway,18-64 years,"Rate per 1,000 People",10,8.4
2017/18,Dumfries and Galloway,18-64 years,"Rate per 1,000 People (adjusted)",10,8.4
2017/18,Dumfries and Galloway,65-74 years,"Rate per 1,000 People",30,34.1
2017/18,Dumfries and Galloway,65-74 years,"Rate per 1,000 People (adjusted)",30,34.1
2017/18,Dumfries and Galloway,75-84 years,"Rate per 1,000 People",100,45.7
2017/18,Dumfries and Galloway,75-84 years,"Rate per 1,000 People (adjusted)",100,45.7
2017/18,Dumfries and Galloway,85+ years,"Rate per 1,000 People",130,48.1
2017/18,Dumfries and Galloway,85+ years,"Rate per 1,000 People (adjusted)",130,48.1
2017/18,Dumfries and Galloway,Unknown,"Rate per 1,000 People",0,0
2017/18,Dumfries and Galloway,Unknown,"Rate per 1,000 People (adjusted)",0,0
2018/19,Dumfries and Galloway,All Ages,"Rate per 1,000 People",185,26.3
2018/19,Dumfries and Galloway,All Ages,"Rate per 1,000 People (adjusted)",185,26.3
2018/19,Dumfries and Galloway,0-17 years,"Rate per 1,000 People",0,0
2018/19,Dumfries and Galloway,0-17 years,"Rate per 1,000 People (adjusted)",0,0
2018/19,Dumfries and Galloway,18-64 years,"Rate per 1,000 People",10,8.5
2018/19,Dumfries and Galloway,18-64 years,"Rate per 1,000 People (adjusted)",10,8.5
2018/19,Dumfries and Galloway,65-74 years,"Rate per 1,000 People",20,22.8
2018/19,Dumfries and Galloway,65-74 years,"Rate per 1,000 People (adjusted)",20,22.8
2018/19,Dumfries and Galloway,75-84 years,"Rate per 1,000 People",60,27.1
2018/19,Dumfries and Galloway,75-84 years,"Rate per 1,000 People (adjusted)",60,27.1
2018/19,Dumfries and Galloway,85+ years,"Rate per 1,000 People",95,35.6
2018/19,Dumfries and Galloway,85+ years,"Rate per 1,000 People (adjusted)",95,35.6
2018/19,Dumfries and Galloway,Unknown,"Rate per 1,000 People",0,0
2018/19,Dumfries and Galloway,Unknown,"Rate per 1,000 People (adjusted)",0,0
2017/18,Dundee City,All Ages,"Rate per 1,000 People",770,70.1
2017/18,Dundee City,All Ages,"Rate per 1,000 People (adjusted)",770,70.6
2017/18,Dundee City,0-17 years,"Rate per 1,000 People",0,0
2017/18,Dundee City,0-17 years,"Rate per 1,000 People (adjusted)",0,0
2017/18,Dundee City,18-64 years,"Rate per 1,000 People",45,14.4
2017/18,Dundee City,18-64 years,"Rate per 1,000 People (adjusted)",45,14.6
2017/18,Dundee City,65-74 years,"Rate per 1,000 People",130,62.8
2017/18,Dundee City,65-74 years,"Rate per 1,000 People (adjusted)",130,63.3
2017/18,Dundee City,75-84 years,"Rate per 1,000 People",255,83.5
2017/18,Dundee City,75-84 years,"Rate per 1,000 People (adjusted)",255,83.9
2017/18,Dundee City,85+ years,"Rate per 1,000 People",340,125.3
2017/18,Dundee City,85+ years,"Rate per 1,000 People (adjusted)",340,125.6
2017/18,Dundee City,Unknown,"Rate per 1,000 People",0,0
2017/18,Dundee City,Unknown,"Rate per 1,000 People (adjusted)",0,0
2018/19,Dundee City,All Ages,"Rate per 1,000 People",680,59.8
2018/19,Dundee City,All Ages,"Rate per 1,000 People (adjusted)",680,60.5
2018/19,Dundee City,0-17 years,"Rate per 1,000 People",0,0
2018/19,Dundee City,0-17 years,"Rate per 1,000 People (adjusted)",0,0
2018/19,Dundee City,18-64 years,"Rate per 1,000 People",55,16.5
2018/19,Dundee City,18-64 years,"Rate per 1,000 People (adjusted)",55,16.7
2018/19,Dundee City,65-74 years,"Rate per 1,000 People",120,55.2
2018/19,Dundee City,65-74 years,"Rate per 1,000 People (adjusted)",120,55.8
2018/19,Dundee City,75-84 years,"Rate per 1,000 People",230,73.7
2018/19,Dundee City,75-84 years,"Rate per 1,000 People (adjusted)",230,74.7
2018/19,Dundee City,85+ years,"Rate per 1,000 People",275,102.8
2018/19,Dundee City,85+ years,"Rate per 1,000 People (adjusted)",275,104.2
2018/19,Dundee City,Unknown,"Rate per 1,000 People",0,0
2018/19,Dundee City,Unknown,"Rate per 1,000 People (adjusted)",0,0
2019/20,Dundee City,All Ages,"Rate per 1,000 People",690,62.4
2019/20,Dundee City,All Ages,"Rate per 1,000 People (adjusted)",690,62.6
2019/20,Dundee City,0-17 years,"Rate per 1,000 People",0,0
2019/20,Dundee City,0-17 years,"Rate per 1,000 People (adjusted)",0,0
2019/20,Dundee City,18-64 years,"Rate per 1,000 People",60,18.2
2019/20,Dundee City,18-64 years,"Rate per 1,000 People (adjusted)",60,18.2
2019/20,Dundee City,65-74 years,"Rate per 1,000 People",105,52.7
2019/20,Dundee City,65-74 years,"Rate per 1,000 People (adjusted)",105,52.8
2019/20,Dundee City,75-84 years,"Rate per 1,000 People",235,79.3
2019/20,Dundee City,75-84 years,"Rate per 1,000 People (adjusted)",235,79.6
2019/20,Dundee City,85+ years,"Rate per 1,000 People",285,104.7
2019/20,Dundee City,85+ years,"Rate per 1,000 People (adjusted)",285,105.1
2019/20,Dundee City,Unknown,"Rate per 1,000 People",0,0
2019/20,Dundee City,Unknown,"Rate per 1,000 People (adjusted)",0,0
2020/21,Dundee City,All Ages,"Rate per 1,000 People",605,64
2020/21,Dundee City,All Ages,"Rate per 1,000 People (adjusted)",605,70.8
2020/21,Dundee City,0-17 years,"Rate per 1,000 People",0,0
2020/21,Dundee City,0-17 years,"Rate per 1,000 People (adjusted)",0,0
2020/21,Dundee City,18-64 years,"Rate per 1,000 People",60,22.8
2020/21,Dundee City,18-64 years,"Rate per 1,000 People (adjusted)",60,25.8
2020/21,Dundee City,65-74 years,"Rate per 1,000 People",95,58.6
2020/21,Dundee City,65-74 years,"Rate per 1,000 People (adjusted)",95,61.3
2020/21,Dundee City,75-84 years,"Rate per 1,000 People",190,76.3
2020/21,Dundee City,75-84 years,"Rate per 1,000 People (adjusted)",190,82.5
2020/21,Dundee City,85+ years,"Rate per 1,000 People",260,100.2
2020/21,Dundee City,85+ years,"Rate per 1,000 People (adjusted)",260,113.8
2020/21,Dundee City,Unknown,"Rate per 1,000 People",0,0
2020/21,Dundee City,Unknown,"Rate per 1,000 People (adjusted)",0,0
2017/18,East Ayrshire,All Ages,"Rate per 1,000 People",195,37.8
2017/18,East Ayrshire,All Ages,"Rate per 1,000 People (adjusted)",195,38.3
2017/18,East Ayrshire,0-17 years,"Rate per 1,000 People",0,0
2017/18,East Ayrshire,0-17 years,"Rate per 1,000 People (adjusted)",0,0
2017/18,East Ayrshire,18-64 years,"Rate per 1,000 People",25,27
2017/18,East Ayrshire,18-64 years,"Rate per 1,000 People (adjusted)",25,27.3
2017/18,East Ayrshire,65-74 years,"Rate per 1,000 People",25,33.1
2017/18,East Ayrshire,65-74 years,"Rate per 1,000 People (adjusted)",25,33.6
2017/18,East Ayrshire,75-84 years,"Rate per 1,000 People",80,44.5
2017/18,East Ayrshire,75-84 years,"Rate per 1,000 People (adjusted)",80,45
2017/18,East Ayrshire,85+ years,"Rate per 1,000 People",65,41.1
2017/18,East Ayrshire,85+ years,"Rate per 1,000 People (adjusted)",65,41.7
2017/18,East Ayrshire,Unknown,"Rate per 1,000 People",0,0
2017/18,East Ayrshire,Unknown,"Rate per 1,000 People (adjusted)",0,0
2018/19,East Ayrshire,All Ages,"Rate per 1,000 People",255,42.4
2018/19,East Ayrshire,All Ages,"Rate per 1,000 People (adjusted)",255,43.7
2018/19,East Ayrshire,0-17 years,"Rate per 1,000 People",0,0
2018/19,East Ayrshire,0-17 years,"Rate per 1,000 People (adjusted)",0,0
2018/19,East Ayrshire,18-64 years,"Rate per 1,000 People",25,26.1
2018/19,East Ayrshire,18-64 years,"Rate per 1,000 People (adjusted)",25,26.9
2018/19,East Ayrshire,65-74 years,"Rate per 1,000 People",35,38.6
2018/19,East Ayrshire,65-74 years,"Rate per 1,000 People (adjusted)",35,40.3
2018/19,East Ayrshire,75-84 years,"Rate per 1,000 People",100,47
2018/19,East Ayrshire,75-84 years,"Rate per 1,000 People (adjusted)",100,48.4
2018/19,East Ayrshire,85+ years,"Rate per 1,000 People",90,47.5
2018/19,East Ayrshire,85+ years,"Rate per 1,000 People (adjusted)",90,48.6
2018/19,East Ayrshire,Unknown,"Rate per 1,000 People",0,0
2018/19,East Ayrshire,Unknown,"Rate per 1,000 People (adjusted)",0,0
2019/20,East Ayrshire,All Ages,"Rate per 1,000 People",255,43
2019/20,East Ayrshire,All Ages,"Rate per 1,000 People (adjusted)",255,44.6
2019/20,East Ayrshire,0-17 years,"Rate per 1,000 People",0,0
2019/20,East Ayrshire,0-17 years,"Rate per 1,000 People (adjusted)",0,0
2019/20,East Ayrshire,18-64 years,"Rate per 1,000 People",25,26.5
2019/20,East Ayrshire,18-64 years,"Rate per 1,000 People (adjusted)",25,27.2
2019/20,East Ayrshire,65-74 years,"Rate per 1,000 People",40,45.1
2019/20,East Ayrshire,65-74 years,"Rate per 1,000 People (adjusted)",40,48.3
2019/20,East Ayrshire,75-84 years,"Rate per 1,000 People",105,50.2
2019/20,East Ayrshire,75-84 years,"Rate per 1,000 People (adjusted)",105,52.4
2019/20,East Ayrshire,85+ years,"Rate per 1,000 People",85,44.9
2019/20,East Ayrshire,85+ years,"Rate per 1,000 People (adjusted)",85,45.9
2019/20,East Ayrshire,Unknown,"Rate per 1,000 People",0,0
2019/20,East Ayrshire,Unknown,"Rate per 1,000 People (adjusted)",0,0
2017/18,East Dunbartonshire,All Ages,"Rate per 1,000 People",70,11.4
2017/18,East Dunbartonshire,All Ages,"Rate per 1,000 People (adjusted)",70,11.4
2017/18,East Dunbartonshire,0-17 years,"Rate per 1,000 People",0,0
2017/18,East Dunbartonshire,0-17 years,"Rate per 1,000 People (adjusted)",0,0
2017/18,East Dunbartonshire,18-64 years,"Rate per 1,000 People",10,6
2017/18,East Dunbartonshire,18-64 years,"Rate per 1,000 People (adjusted)",10,6
2017/18,East Dunbartonshire,65-74 years,"Rate per 1,000 People",5,6.8
2017/18,East Dunbartonshire,65-74 years,"Rate per 1,000 People (adjusted)",5,6.8
2017/18,East Dunbartonshire,75-84 years,"Rate per 1,000 People",25,14.3
2017/18,East Dunbartonshire,75-84 years,"Rate per 1,000 People (adjusted)",25,14.3
2017/18,East Dunbartonshire,85+ years,"Rate per 1,000 People",25,13.8
2017/18,East Dunbartonshire,85+ years,"Rate per 1,000 People (adjusted)",25,13.8
2017/18,East Dunbartonshire,Unknown,"Rate per 1,000 People",0,0
2017/18,East Dunbartonshire,Unknown,"Rate per 1,000 People (adjusted)",0,0
2020/21,East Dunbartonshire,All Ages,"Rate per 1,000 People",0,0
2020/21,East Dunbartonshire,All Ages,"Rate per 1,000 People (adjusted)",0,0
2020/21,East Dunbartonshire,0-17 years,"Rate per 1,000 People",0,0
2020/21,East Dunbartonshire,0-17 years,"Rate per 1,000 People (adjusted)",0,0
2020/21,East Dunbartonshire,18-64 years,"Rate per 1,000 People",0,0
2020/21,East Dunbartonshire,18-64 years,"Rate per 1,000 People (adjusted)",0,0
2020/21,East Dunbartonshire,65-74 years,"Rate per 1,000 People",0,0
2020/21,East Dunbartonshire,65-74 years,"Rate per 1,000 People (adjusted)",0,0
2020/21,East Dunbartonshire,75-84 years,"Rate per 1,000 People",0,0
2020/21,East Dunbartonshire,75-84 years,"Rate per 1,000 People (adjusted)",0,0
2020/21,East Dunbartonshire,85+ years,"Rate per 1,000 People",0,0
2020/21,East Dunbartonshire,85+ years,"Rate per 1,000 People (adjusted)",0,0
2020/21,East Dunbartonshire,Unknown,"Rate per 1,000 People",0,0
2020/21,East Dunbartonshire,Unknown,"Rate per 1,000 People (adjusted)",0,0
2017/18,East Lothian,All Ages,"Rate per 1,000 People",255,67.5
2017/18,East Lothian,All Ages,"Rate per 1,000 People (adjusted)",255,76.3
2017/18,East Lothian,0-17 years,"Rate per 1,000 People",0,0
2017/18,East Lothian,0-17 years,"Rate per 1,000 People (adjusted)",0,0
2017/18,East Lothian,18-64 years,"Rate per 1,000 People",20,20.6
2017/18,East Lothian,18-64 years,"Rate per 1,000 People (adjusted)",20,22.4
2017/18,East Lothian,65-74 years,"Rate per 1,000 People",40,75.5
2017/18,East Lothian,65-74 years,"Rate per 1,000 People (adjusted)",40,82.3
2017/18,East Lothian,75-84 years,"Rate per 1,000 People",80,75.2
2017/18,East Lothian,75-84 years,"Rate per 1,000 People (adjusted)",80,84.4
2017/18,East Lothian,85+ years,"Rate per 1,000 People",110,93.5
2017/18,East Lothian,85+ years,"Rate per 1,000 People (adjusted)",110,112.8
2017/18,East Lothian,Unknown,"Rate per 1,000 People",0,0
2017/18,East Lothian,Unknown,"Rate per 1,000 People (adjusted)",0,0
2018/19,East Lothian,All Ages,"Rate per 1,000 People",220,63.6
2018/19,East Lothian,All Ages,"Rate per 1,000 People (adjusted)",220,80.1
2018/19,East Lothian,0-17 years,"Rate per 1,000 People",0,0
2018/19,East Lothian,0-17 years,"Rate per 1,000 People (adjusted)",0,0
2018/19,East Lothian,18-64 years,"Rate per 1,000 People",15,19.1
2018/19,East Lothian,18-64 years,"Rate per 1,000 People (adjusted)",15,21.9
2018/19,East Lothian,65-74 years,"Rate per 1,000 People",35,78.8
2018/19,East Lothian,65-74 years,"Rate per 1,000 People (adjusted)",35,93.3
2018/19,East Lothian,75-84 years,"Rate per 1,000 People",80,80
2018/19,East Lothian,75-84 years,"Rate per 1,000 People (adjusted)",80,100
2018/19,East Lothian,85+ years,"Rate per 1,000 People",90,73.8
2018/19,East Lothian,85+ years,"Rate per 1,000 People (adjusted)",90,102.9
2018/19,East Lothian,Unknown,"Rate per 1,000 People",0,0
2018/19,East Lothian,Unknown,"Rate per 1,000 People (adjusted)",0,0
2019/20,East Lothian,All Ages,"Rate per 1,000 People",255,72
2019/20,East Lothian,All Ages,"Rate per 1,000 People (adjusted)",255,91.9
2019/20,East Lothian,0-17 years,"Rate per 1,000 People",0,0
2019/20,East Lothian,0-17 years,"Rate per 1,000 People (adjusted)",0,0
2019/20,East Lothian,18-64 years,"Rate per 1,000 People",20,24.6
2019/20,East Lothian,18-64 years,"Rate per 1,000 People (adjusted)",20,29.4
2019/20,East Lothian,65-74 years,"Rate per 1,000 People",45,105.6
2019/20,East Lothian,65-74 years,"Rate per 1,000 People (adjusted)",45,126.4
2019/20,East Lothian,75-84 years,"Rate per 1,000 People",90,89.3
2019/20,East Lothian,75-84 years,"Rate per 1,000 People (adjusted)",90,110.2
2019/20,East Lothian,85+ years,"Rate per 1,000 People",105,81.5
2019/20,East Lothian,85+ years,"Rate per 1,000 People (adjusted)",105,114.9
2019/20,East Lothian,Unknown,"Rate per 1,000 People",0,0
2019/20,East Lothian,Unknown,"Rate per 1,000 People (adjusted)",0,0
2017/18,Falkirk,All Ages,"Rate per 1,000 People",165,20.4
2017/18,Falkirk,All Ages,"Rate per 1,000 People (adjusted)",165,22.4
2017/18,Falkirk,0-17 years,"Rate per 1,000 People",0,0
2017/18,Falkirk,0-17 years,"Rate per 1,000 People (adjusted)",0,0
2017/18,Falkirk,18-64 years,"Rate per 1,000 People",15,8
2017/18,Falkirk,18-64 years,"Rate per 1,000 People (adjusted)",15,8.4
2017/18,Falkirk,65-74 years,"Rate per 1,000 People",20,15.2
2017/18,Falkirk,65-74 years,"Rate per 1,000 People (adjusted)",20,16.4
2017/18,Falkirk,75-84 years,"Rate per 1,000 People",55,21.7
2017/18,Falkirk,75-84 years,"Rate per 1,000 People (adjusted)",55,23.8
2017/18,Falkirk,85+ years,"Rate per 1,000 People",75,35.3
2017/18,Falkirk,85+ years,"Rate per 1,000 People (adjusted)",75,41.2
2017/18,Falkirk,Unknown,"Rate per 1,000 People",0,0
2017/18,Falkirk,Unknown,"Rate per 1,000 People (adjusted)",0,0
2018/19,Falkirk,All Ages,"Rate per 1,000 People",120,14.9
2018/19,Falkirk,All Ages,"Rate per 1,000 People (adjusted)",120,16.7
2018/19,Falkirk,0-17 years,"Rate per 1,000 People",0,0
2018/19,Falkirk,0-17 years,"Rate per 1,000 People (adjusted)",0,0
2018/19,Falkirk,18-64 years,"Rate per 1,000 People",15,8.1
2018/19,Falkirk,18-64 years,"Rate per 1,000 People (adjusted)",15,8.6
2018/19,Falkirk,65-74 years,"Rate per 1,000 People",15,11.6
2018/19,Falkirk,65-74 years,"Rate per 1,000 People (adjusted)",15,12.7
2018/19,Falkirk,75-84 years,"Rate per 1,000 People",35,13.7
2018/19,Falkirk,75-84 years,"Rate per 1,000 People (adjusted)",35,15.4
2018/19,Falkirk,85+ years,"Rate per 1,000 People",50,21.7
2018/19,Falkirk,85+ years,"Rate per 1,000 People (adjusted)",50,26.4
2018/19,Falkirk,Unknown,"Rate per 1,000 People",0,0
2018/19,Falkirk,Unknown,"Rate per 1,000 People (adjusted)",0,0
2019/20,Falkirk,All Ages,"Rate per 1,000 People",110,13.1
2019/20,Falkirk,All Ages,"Rate per 1,000 People (adjusted)",110,14.3
2019/20,Falkirk,0-17 years,"Rate per 1,000 People",0,0
2019/20,Falkirk,0-17 years,"Rate per 1,000 People (adjusted)",0,0
2019/20,Falkirk,18-64 years,"Rate per 1,000 People",10,5.1
2019/20,Falkirk,18-64 years,"Rate per 1,000 People (adjusted)",10,5.4
2019/20,Falkirk,65-74 years,"Rate per 1,000 People",15,11.3
2019/20,Falkirk,65-74 years,"Rate per 1,000 People (adjusted)",15,12.2
2019/20,Falkirk,75-84 years,"Rate per 1,000 People",35,13.1
2019/20,Falkirk,75-84 years,"Rate per 1,000 People (adjusted)",35,14.4
2019/20,Falkirk,85+ years,"Rate per 1,000 People",45,18.7
2019/20,Falkirk,85+ years,"Rate per 1,000 People (adjusted)",45,21.6
2019/20,Falkirk,Unknown,"Rate per 1,000 People",0,0
2019/20,Falkirk,Unknown,"Rate per 1,000 People (adjusted)",0,0
2020/21,Falkirk,All Ages,"Rate per 1,000 People",65,8.1
2020/21,Falkirk,All Ages,"Rate per 1,000 People (adjusted)",65,9.2
2020/21,Falkirk,0-17 years,"Rate per 1,000 People",0,0
2020/21,Falkirk,0-17 years,"Rate per 1,000 People (adjusted)",0,0
2020/21,Falkirk,18-64 years,"Rate per 1,000 People",10,5.3
2020/21,Falkirk,18-64 years,"Rate per 1,000 People (adjusted)",10,6.2
2020/21,Falkirk,65-74 years,"Rate per 1,000 People",5,4
2020/21,Falkirk,65-74 years,"Rate per 1,000 People (adjusted)",5,4.4
2020/21,Falkirk,75-84 years,"Rate per 1,000 People",20,8.1
2020/21,Falkirk,75-84 years,"Rate per 1,000 People (adjusted)",20,9
2020/21,Falkirk,85+ years,"Rate per 1,000 People",30,12.6
2020/21,Falkirk,85+ years,"Rate per 1,000 People (adjusted)",30,14.8
2020/21,Falkirk,Unknown,"Rate per 1,000 People",0,0
2020/21,Falkirk,Unknown,"Rate per 1,000 People (adjusted)",0,0
2017/18,Fife,All Ages,"Rate per 1,000 People",2465,157.5
2017/18,Fife,All Ages,"Rate per 1,000 People (adjusted)",2465,157.5
2017/18,Fife,0-17 years,"Rate per 1,000 People",0,0
2017/18,Fife,0-17 years,"Rate per 1,000 People (adjusted)",0,0
2017/18,Fife,18-64 years,"Rate per 1,000 People",200,70.9
2017/18,Fife,18-64 years,"Rate per 1,000 People (adjusted)",200,70.9
2017/18,Fife,65-74 years,"Rate per 1,000 People",295,126.3
2017/18,Fife,65-74 years,"Rate per 1,000 People (adjusted)",295,126.3
2017/18,Fife,75-84 years,"Rate per 1,000 People",800,159.2
2017/18,Fife,75-84 years,"Rate per 1,000 People (adjusted)",800,159.2
2017/18,Fife,85+ years,"Rate per 1,000 People",1170,220.3
2017/18,Fife,85+ years,"Rate per 1,000 People (adjusted)",1170,219.9
2017/18,Fife,Unknown,"Rate per 1,000 People",0,0
2017/18,Fife,Unknown,"Rate per 1,000 People (adjusted)",0,0
2018/19,Fife,All Ages,"Rate per 1,000 People",485,29.9
2018/19,Fife,All Ages,"Rate per 1,000 People (adjusted)",485,29.9
2018/19,Fife,0-17 years,"Rate per 1,000 People",0,0
2018/19,Fife,0-17 years,"Rate per 1,000 People (adjusted)",0,0
2018/19,Fife,18-64 years,"Rate per 1,000 People",50,17.8
2018/19,Fife,18-64 years,"Rate per 1,000 People (adjusted)",50,17.8
2018/19,Fife,65-74 years,"Rate per 1,000 People",85,35.4
2018/19,Fife,65-74 years,"Rate per 1,000 People (adjusted)",85,35.4
2018/19,Fife,75-84 years,"Rate per 1,000 People",180,34.4
2018/19,Fife,75-84 years,"Rate per 1,000 People (adjusted)",180,34.4
2018/19,Fife,85+ years,"Rate per 1,000 People",170,30.3
2018/19,Fife,85+ years,"Rate per 1,000 People (adjusted)",170,30.2
2018/19,Fife,Unknown,"Rate per 1,000 People",0,0
2018/19,Fife,Unknown,"Rate per 1,000 People (adjusted)",0,0
2019/20,Fife,All Ages,"Rate per 1,000 People",1260,80.5
2019/20,Fife,All Ages,"Rate per 1,000 People (adjusted)",1260,80.5
2019/20,Fife,0-17 years,"Rate per 1,000 People",0,0
2019/20,Fife,0-17 years,"Rate per 1,000 People (adjusted)",0,0
2019/20,Fife,18-64 years,"Rate per 1,000 People",80,28.8
2019/20,Fife,18-64 years,"Rate per 1,000 People (adjusted)",80,28.8
2019/20,Fife,65-74 years,"Rate per 1,000 People",160,69.1
2019/20,Fife,65-74 years,"Rate per 1,000 People (adjusted)",160,69.1
2019/20,Fife,75-84 years,"Rate per 1,000 People",420,85.3
2019/20,Fife,75-84 years,"Rate per 1,000 People (adjusted)",420,85.3
2019/20,Fife,85+ years,"Rate per 1,000 People",600,109.7
2019/20,Fife,85+ years,"Rate per 1,000 People (adjusted)",600,109.6
2019/20,Fife,Unknown,"Rate per 1,000 People",0,0
2019/20,Fife,Unknown,"Rate per 1,000 People (adjusted)",0,0
2020/21,Fife,All Ages,"Rate per 1,000 People",1550,95.3
2020/21,Fife,All Ages,"Rate per 1,000 People (adjusted)",1550,95.3
2020/21,Fife,0-17 years,"Rate per 1,000 People",0,0
2020/21,Fife,0-17 years,"Rate per 1,000 People (adjusted)",0,0
2020/21,Fife,18-64 years,"Rate per 1,000 People",140,44.9
2020/21,Fife,18-64 years,"Rate per 1,000 People (adjusted)",140,44.9
2020/21,Fife,65-74 years,"Rate per 1,000 People",190,80.8
2020/21,Fife,65-74 years,"Rate per 1,000 People (adjusted)",190,80.8
2020/21,Fife,75-84 years,"Rate per 1,000 People",520,103.7
2020/21,Fife,75-84 years,"Rate per 1,000 People (adjusted)",520,103.7
2020/21,Fife,85+ years,"Rate per 1,000 People",700,125.3
2020/21,Fife,85+ years,"Rate per 1,000 People (adjusted)",700,125.3
2020/21,Fife,Unknown,"Rate per 1,000 People",0,0
2020/21,Fife,Unknown,"Rate per 1,000 People (adjusted)",0,0
2018/19,Glasgow City,All Ages,"Rate per 1,000 People",565,26.3
2018/19,Glasgow City,All Ages,"Rate per 1,000 People (adjusted)",565,26.6
2018/19,Glasgow City,0-17 years,"Rate per 1,000 People",0,0
2018/19,Glasgow City,0-17 years,"Rate per 1,000 People (adjusted)",0,0
2018/19,Glasgow City,18-64 years,"Rate per 1,000 People",15,3.2
2018/19,Glasgow City,18-64 years,"Rate per 1,000 People (adjusted)",15,3.2
2018/19,Glasgow City,65-74 years,"Rate per 1,000 People",105,30.4
2018/19,Glasgow City,65-74 years,"Rate per 1,000 People (adjusted)",105,30.7
2018/19,Glasgow City,75-84 years,"Rate per 1,000 People",215,32.7
2018/19,Glasgow City,75-84 years,"Rate per 1,000 People (adjusted)",215,33.1
2018/19,Glasgow City,85+ years,"Rate per 1,000 People",235,36.6
2018/19,Glasgow City,85+ years,"Rate per 1,000 People (adjusted)",235,37.3
2018/19,Glasgow City,Unknown,"Rate per 1,000 People",0,0
2018/19,Glasgow City,Unknown,"Rate per 1,000 People (adjusted)",0,0
2019/20,Glasgow City,All Ages,"Rate per 1,000 People",740,33.6
2019/20,Glasgow City,All Ages,"Rate per 1,000 People (adjusted)",740,34.1
2019/20,Glasgow City,0-17 years,"Rate per 1,000 People",0,0
2019/20,Glasgow City,0-17 years,"Rate per 1,000 People (adjusted)",0,0
2019/20,Glasgow City,18-64 years,"Rate per 1,000 People",55,10.9
2019/20,Glasgow City,18-64 years,"Rate per 1,000 People (adjusted)",55,11
2019/20,Glasgow City,65-74 years,"Rate per 1,000 People",125,35.1
2019/20,Glasgow City,65-74 years,"Rate per 1,000 People (adjusted)",125,35.6
2019/20,Glasgow City,75-84 years,"Rate per 1,000 People",255,38.6
2019/20,Glasgow City,75-84 years,"Rate per 1,000 People (adjusted)",255,39.2
2019/20,Glasgow City,85+ years,"Rate per 1,000 People",305,47
2019/20,Glasgow City,85+ years,"Rate per 1,000 People (adjusted)",305,48
2019/20,Glasgow City,Unknown,"Rate per 1,000 People",0,0
2019/20,Glasgow City,Unknown,"Rate per 1,000 People (adjusted)",0,0
2020/21,Glasgow City,All Ages,"Rate per 1,000 People",815,37.7
2020/21,Glasgow City,All Ages,"Rate per 1,000 People (adjusted)",815,38.5
2020/21,Glasgow City,0-17 years,"Rate per 1,000 People",0,0
2020/21,Glasgow City,0-17 years,"Rate per 1,000 People (adjusted)",0,0
2020/21,Glasgow City,18-64 years,"Rate per 1,000 People",95,18.2
2020/21,Glasgow City,18-64 years,"Rate per 1,000 People (adjusted)",95,18.4
2020/21,Glasgow City,65-74 years,"Rate per 1,000 People",140,40.6
2020/21,Glasgow City,65-74 years,"Rate per 1,000 People (adjusted)",140,41.8
2020/21,Glasgow City,75-84 years,"Rate per 1,000 People",265,42.7
2020/21,Glasgow City,75-84 years,"Rate per 1,000 People (adjusted)",265,43.7
2020/21,Glasgow City,85+ years,"Rate per 1,000 People",315,49
2020/21,Glasgow City,85+ years,"Rate per 1,000 People (adjusted)",315,50.3
2020/21,Glasgow City,Unknown,"Rate per 1,000 People",0,0
2020/21,Glasgow City,Unknown,"Rate per 1,000 People (adjusted)",0,0
2017/18,Highland,All Ages,"Rate per 1,000 People",310,37
2017/18,Highland,All Ages,"Rate per 1,000 People (adjusted)",310,37.1
2017/18,Highland,0-17 years,"Rate per 1,000 People",0,0
2017/18,Highland,0-17 years,"Rate per 1,000 People (adjusted)",0,0
2017/18,Highland,18-64 years,"Rate per 1,000 People",15,8.2
2017/18,Highland,18-64 years,"Rate per 1,000 People (adjusted)",15,8.2
2017/18,Highland,65-74 years,"Rate per 1,000 People",40,39.8
2017/18,Highland,65-74 years,"Rate per 1,000 People (adjusted)",40,39.8
2017/18,Highland,75-84 years,"Rate per 1,000 People",110,48.2
2017/18,Highland,75-84 years,"Rate per 1,000 People (adjusted)",110,48.4
2017/18,Highland,85+ years,"Rate per 1,000 People",140,46.8
2017/18,Highland,85+ years,"Rate per 1,000 People (adjusted)",140,46.9
2017/18,Highland,Unknown,"Rate per 1,000 People",0,0
2017/18,Highland,Unknown,"Rate per 1,000 People (adjusted)",0,0
2018/19,Highland,All Ages,"Rate per 1,000 People",265,33.3
2018/19,Highland,All Ages,"Rate per 1,000 People (adjusted)",265,33.3
2018/19,Highland,0-17 years,"Rate per 1,000 People",0,0
2018/19,Highland,0-17 years,"Rate per 1,000 People (adjusted)",0,0
2018/19,Highland,18-64 years,"Rate per 1,000 People",10,6.5
2018/19,Highland,18-64 years,"Rate per 1,000 People (adjusted)",10,6.5
2018/19,Highland,65-74 years,"Rate per 1,000 People",40,43.7
2018/19,Highland,65-74 years,"Rate per 1,000 People (adjusted)",40,43.7
2018/19,Highland,75-84 years,"Rate per 1,000 People",85,37.7
2018/19,Highland,75-84 years,"Rate per 1,000 People (adjusted)",85,37.7
2018/19,Highland,85+ years,"Rate per 1,000 People",125,39.2
2018/19,Highland,85+ years,"Rate per 1,000 People (adjusted)",125,39.2
2018/19,Highland,Unknown,"Rate per 1,000 People",0,0
2018/19,Highland,Unknown,"Rate per 1,000 People (adjusted)",0,0
2019/20,Highland,All Ages,"Rate per 1,000 People",320,38.9
2019/20,Highland,All Ages,"Rate per 1,000 People (adjusted)",320,38.9
2019/20,Highland,0-17 years,"Rate per 1,000 People",0,0
2019/20,Highland,0-17 years,"Rate per 1,000 People (adjusted)",0,0
2019/20,Highland,18-64 years,"Rate per 1,000 People",15,9.6
2019/20,Highland,18-64 years,"Rate per 1,000 People (adjusted)",15,9.6
2019/20,Highland,65-74 years,"Rate per 1,000 People",35,36.3
2019/20,Highland,65-74 years,"Rate per 1,000 People (adjusted)",35,36.3
2019/20,Highland,75-84 years,"Rate per 1,000 People",115,49
2019/20,Highland,75-84 years,"Rate per 1,000 People (adjusted)",115,49
2019/20,Highland,85+ years,"Rate per 1,000 People",150,45.6
2019/20,Highland,85+ years,"Rate per 1,000 People (adjusted)",150,45.6
2019/20,Highland,Unknown,"Rate per 1,000 People",0,0
2019/20,Highland,Unknown,"Rate per 1,000 People (adjusted)",0,0
2020/21,Highland,All Ages,"Rate per 1,000 People",175,21.5
2020/21,Highland,All Ages,"Rate per 1,000 People (adjusted)",175,21.5
2020/21,Highland,0-17 years,"Rate per 1,000 People",0,0
2020/21,Highland,0-17 years,"Rate per 1,000 People (adjusted)",0,0
2020/21,Highland,18-64 years,"Rate per 1,000 People",15,10.3
2020/21,Highland,18-64 years,"Rate per 1,000 People (adjusted)",15,10.3
2020/21,Highland,65-74 years,"Rate per 1,000 People",20,19.5
2020/21,Highland,65-74 years,"Rate per 1,000 People (adjusted)",20,19.6
2020/21,Highland,75-84 years,"Rate per 1,000 People",60,25.8
2020/21,Highland,75-84 years,"Rate per 1,000 People (adjusted)",60,25.9
2020/21,Highland,85+ years,"Rate per 1,000 People",80,24.3
2020/21,Highland,85+ years,"Rate per 1,000 People (adjusted)",80,24.3
2020/21,Highland,Unknown,"Rate per 1,000 People",0,0
2020/21,Highland,Unknown,"Rate per 1,000 People (adjusted)",0,0
2017/18,Inverclyde,All Ages,"Rate per 1,000 People",35,7.3
2017/18,Inverclyde,All Ages,"Rate per 1,000 People (adjusted)",35,8
2017/18,Inverclyde,0-17 years,"Rate per 1,000 People",0,0
2017/18,Inverclyde,0-17 years,"Rate per 1,000 People (adjusted)",0,0
2017/18,Inverclyde,18-64 years,"Rate per 1,000 People",0,0
2017/18,Inverclyde,18-64 years,"Rate per 1,000 People (adjusted)",0,0
2017/18,Inverclyde,65-74 years,"Rate per 1,000 People",5,6.5
2017/18,Inverclyde,65-74 years,"Rate per 1,000 People (adjusted)",5,6.8
2017/18,Inverclyde,75-84 years,"Rate per 1,000 People",5,3.2
2017/18,Inverclyde,75-84 years,"Rate per 1,000 People (adjusted)",5,3.4
2017/18,Inverclyde,85+ years,"Rate per 1,000 People",25,16.6
2017/18,Inverclyde,85+ years,"Rate per 1,000 People (adjusted)",25,19.3
2017/18,Inverclyde,Unknown,"Rate per 1,000 People",0,0
2017/18,Inverclyde,Unknown,"Rate per 1,000 People (adjusted)",0,0
2018/19,Inverclyde,All Ages,"Rate per 1,000 People",0,0
2018/19,Inverclyde,All Ages,"Rate per 1,000 People (adjusted)",0,0
2018/19,Inverclyde,0-17 years,"Rate per 1,000 People",0,0
2018/19,Inverclyde,0-17 years,"Rate per 1,000 People (adjusted)",0,0
2018/19,Inverclyde,18-64 years,"Rate per 1,000 People",0,0
2018/19,Inverclyde,18-64 years,"Rate per 1,000 People (adjusted)",0,0
2018/19,Inverclyde,65-74 years,"Rate per 1,000 People",0,0
2018/19,Inverclyde,65-74 years,"Rate per 1,000 People (adjusted)",0,0
2018/19,Inverclyde,75-84 years,"Rate per 1,000 People",0,0
2018/19,Inverclyde,75-84 years,"Rate per 1,000 People (adjusted)",0,0
2018/19,Inverclyde,85+ years,"Rate per 1,000 People",0,0
2018/19,Inverclyde,85+ years,"Rate per 1,000 People (adjusted)",0,0
2018/19,Inverclyde,Unknown,"Rate per 1,000 People",0,0
2018/19,Inverclyde,Unknown,"Rate per 1,000 People (adjusted)",0,0
2017/18,Midlothian,All Ages,"Rate per 1,000 People",70,17.9
2017/18,Midlothian,All Ages,"Rate per 1,000 People (adjusted)",70,18.5
2017/18,Midlothian,0-17 years,"Rate per 1,000 People",0,0
2017/18,Midlothian,0-17 years,"Rate per 1,000 People (adjusted)",0,0
2017/18,Midlothian,18-64 years,"Rate per 1,000 People",10,12.8
2017/18,Midlothian,18-64 years,"Rate per 1,000 People (adjusted)",10,13.2
2017/18,Midlothian,65-74 years,"Rate per 1,000 People",15,25.4
2017/18,Midlothian,65-74 years,"Rate per 1,000 People (adjusted)",15,25.7
2017/18,Midlothian,75-84 years,"Rate per 1,000 People",15,13.1
2017/18,Midlothian,75-84 years,"Rate per 1,000 People (adjusted)",15,13.2
2017/18,Midlothian,85+ years,"Rate per 1,000 People",30,27.1
2017/18,Midlothian,85+ years,"Rate per 1,000 People (adjusted)",30,27.2
2017/18,Midlothian,Unknown,"Rate per 1,000 People",0,0
2017/18,Midlothian,Unknown,"Rate per 1,000 People (adjusted)",0,0
2018/19,Midlothian,All Ages,"Rate per 1,000 People",50,12.8
2018/19,Midlothian,All Ages,"Rate per 1,000 People (adjusted)",50,13
2018/19,Midlothian,0-17 years,"Rate per 1,000 People",0,0
2018/19,Midlothian,0-17 years,"Rate per 1,000 People (adjusted)",0,0
2018/19,Midlothian,18-64 years,"Rate per 1,000 People",10,12.9
2018/19,Midlothian,18-64 years,"Rate per 1,000 People (adjusted)",10,13.1
2018/19,Midlothian,65-74 years,"Rate per 1,000 People",15,27
2018/19,Midlothian,65-74 years,"Rate per 1,000 People (adjusted)",15,27.6
2018/19,Midlothian,75-84 years,"Rate per 1,000 People",10,8.8
2018/19,Midlothian,75-84 years,"Rate per 1,000 People (adjusted)",10,9
2018/19,Midlothian,85+ years,"Rate per 1,000 People",20,18.5
2018/19,Midlothian,85+ years,"Rate per 1,000 People (adjusted)",20,18.5
2018/19,Midlothian,Unknown,"Rate per 1,000 People",0,0
2018/19,Midlothian,Unknown,"Rate per 1,000 People (adjusted)",0,0
2019/20,Midlothian,All Ages,"Rate per 1,000 People",55,16.4
2019/20,Midlothian,All Ages,"Rate per 1,000 People (adjusted)",55,17.4
2019/20,Midlothian,0-17 years,"Rate per 1,000 People",0,0
2019/20,Midlothian,0-17 years,"Rate per 1,000 People (adjusted)",0,0
2019/20,Midlothian,18-64 years,"Rate per 1,000 People",10,15.9
2019/20,Midlothian,18-64 years,"Rate per 1,000 People (adjusted)",10,16.2
2019/20,Midlothian,65-74 years,"Rate per 1,000 People",10,20.8
2019/20,Midlothian,65-74 years,"Rate per 1,000 People (adjusted)",10,21.6
2019/20,Midlothian,75-84 years,"Rate per 1,000 People",15,13.4
2019/20,Midlothian,75-84 years,"Rate per 1,000 People (adjusted)",15,14.2
2019/20,Midlothian,85+ years,"Rate per 1,000 People",20,18.7
2019/20,Midlothian,85+ years,"Rate per 1,000 People (adjusted)",20,20.6
2019/20,Midlothian,Unknown,"Rate per 1,000 People",0,0
2019/20,Midlothian,Unknown,"Rate per 1,000 People (adjusted)",0,0
2020/21,Midlothian,All Ages,"Rate per 1,000 People",45,12.6
2020/21,Midlothian,All Ages,"Rate per 1,000 People (adjusted)",45,12.7
2020/21,Midlothian,0-17 years,"Rate per 1,000 People",0,0
2020/21,Midlothian,0-17 years,"Rate per 1,000 People (adjusted)",0,0
2020/21,Midlothian,18-64 years,"Rate per 1,000 People",10,13.5
2020/21,Midlothian,18-64 years,"Rate per 1,000 People (adjusted)",10,13.7
2020/21,Midlothian,65-74 years,"Rate per 1,000 People",10,19
2020/21,Midlothian,65-74 years,"Rate per 1,000 People (adjusted)",10,19
2020/21,Midlothian,75-84 years,"Rate per 1,000 People",10,9.1
2020/21,Midlothian,75-84 years,"Rate per 1,000 People (adjusted)",10,9.1
2020/21,Midlothian,85+ years,"Rate per 1,000 People",15,14.2
2020/21,Midlothian,85+ years,"Rate per 1,000 People (adjusted)",15,14.2
2020/21,Midlothian,Unknown,"Rate per 1,000 People",0,0
2020/21,Midlothian,Unknown,"Rate per 1,000 People (adjusted)",0,0
2017/18,North Ayrshire,All Ages,"Rate per 1,000 People",290,40.7
2017/18,North Ayrshire,All Ages,"Rate per 1,000 People (adjusted)",290,40.7
2017/18,North Ayrshire,0-17 years,"Rate per 1,000 People",0,0
2017/18,North Ayrshire,0-17 years,"Rate per 1,000 People (adjusted)",0,0
2017/18,North Ayrshire,18-64 years,"Rate per 1,000 People",35,27.1
2017/18,North Ayrshire,18-64 years,"Rate per 1,000 People (adjusted)",35,27.1
2017/18,North Ayrshire,65-74 years,"Rate per 1,000 People",50,46.3
2017/18,North Ayrshire,65-74 years,"Rate per 1,000 People (adjusted)",50,46.3
2017/18,North Ayrshire,75-84 years,"Rate per 1,000 People",100,42.2
2017/18,North Ayrshire,75-84 years,"Rate per 1,000 People (adjusted)",100,42.2
2017/18,North Ayrshire,85+ years,"Rate per 1,000 People",100,44.6
2017/18,North Ayrshire,85+ years,"Rate per 1,000 People (adjusted)",110,48.8
2017/18,North Ayrshire,Unknown,"Rate per 1,000 People",5,454.5
2017/18,North Ayrshire,Unknown,"Rate per 1,000 People (adjusted)",0,0
2018/19,North Ayrshire,All Ages,"Rate per 1,000 People",390,53.6
2018/19,North Ayrshire,All Ages,"Rate per 1,000 People (adjusted)",390,53.6
2018/19,North Ayrshire,0-17 years,"Rate per 1,000 People",0,0
2018/19,North Ayrshire,0-17 years,"Rate per 1,000 People (adjusted)",0,0
2018/19,North Ayrshire,18-64 years,"Rate per 1,000 People",40,30.1
2018/19,North Ayrshire,18-64 years,"Rate per 1,000 People (adjusted)",40,30.1
2018/19,North Ayrshire,65-74 years,"Rate per 1,000 People",80,70.7
2018/19,North Ayrshire,65-74 years,"Rate per 1,000 People (adjusted)",80,70.7
2018/19,North Ayrshire,75-84 years,"Rate per 1,000 People",135,54.3
2018/19,North Ayrshire,75-84 years,"Rate per 1,000 People (adjusted)",135,54.3
2018/19,North Ayrshire,85+ years,"Rate per 1,000 People",130,58.3
2018/19,North Ayrshire,85+ years,"Rate per 1,000 People (adjusted)",140,62.4
2018/19,North Ayrshire,Unknown,"Rate per 1,000 People",10,714.3
2018/19,North Ayrshire,Unknown,"Rate per 1,000 People (adjusted)",0,0
2019/20,North Ayrshire,All Ages,"Rate per 1,000 People",290,40.2
2019/20,North Ayrshire,All Ages,"Rate per 1,000 People (adjusted)",290,40.2
2019/20,North Ayrshire,0-17 years,"Rate per 1,000 People",0,0
2019/20,North Ayrshire,0-17 years,"Rate per 1,000 People (adjusted)",0,0
2019/20,North Ayrshire,18-64 years,"Rate per 1,000 People",25,21.8
2019/20,North Ayrshire,18-64 years,"Rate per 1,000 People (adjusted)",25,21.8
2019/20,North Ayrshire,65-74 years,"Rate per 1,000 People",60,53
2019/20,North Ayrshire,65-74 years,"Rate per 1,000 People (adjusted)",60,53
2019/20,North Ayrshire,75-84 years,"Rate per 1,000 People",95,38.3
2019/20,North Ayrshire,75-84 years,"Rate per 1,000 People (adjusted)",95,38.3
2019/20,North Ayrshire,85+ years,"Rate per 1,000 People",115,48.9
2019/20,North Ayrshire,85+ years,"Rate per 1,000 People (adjusted)",115,48.8
2019/20,North Ayrshire,Unknown,"Rate per 1,000 People",0,0
2019/20,North Ayrshire,Unknown,"Rate per 1,000 People (adjusted)",0,0
2020/21,North Ayrshire,All Ages,"Rate per 1,000 People",110,14.6
2020/21,North Ayrshire,All Ages,"Rate per 1,000 People (adjusted)",110,15.7
2020/21,North Ayrshire,0-17 years,"Rate per 1,000 People",0,0
2020/21,North Ayrshire,0-17 years,"Rate per 1,000 People (adjusted)",0,0
2020/21,North Ayrshire,18-64 years,"Rate per 1,000 People",10,7.4
2020/21,North Ayrshire,18-64 years,"Rate per 1,000 People (adjusted)",10,7.8
2020/21,North Ayrshire,65-74 years,"Rate per 1,000 People",30,24.6
2020/21,North Ayrshire,65-74 years,"Rate per 1,000 People (adjusted)",30,26.8
2020/21,North Ayrshire,75-84 years,"Rate per 1,000 People",40,15.9
2020/21,North Ayrshire,75-84 years,"Rate per 1,000 People (adjusted)",40,17
2020/21,North Ayrshire,85+ years,"Rate per 1,000 People",30,13.1
2020/21,North Ayrshire,85+ years,"Rate per 1,000 People (adjusted)",30,14
2020/21,North Ayrshire,Unknown,"Rate per 1,000 People",0,0
2020/21,North Ayrshire,Unknown,"Rate per 1,000 People (adjusted)",0,0
2017/18,Renfrewshire,All Ages,"Rate per 1,000 People",595,81.1
2017/18,Renfrewshire,All Ages,"Rate per 1,000 People (adjusted)",595,99.8
2017/18,Renfrewshire,0-17 years,"Rate per 1,000 People",0,0
2017/18,Renfrewshire,0-17 years,"Rate per 1,000 People (adjusted)",0,0
2017/18,Renfrewshire,18-64 years,"Rate per 1,000 People",45,36.6
2017/18,Renfrewshire,18-64 years,"Rate per 1,000 People (adjusted)",45,43.6
2017/18,Renfrewshire,65-74 years,"Rate per 1,000 People",95,80.4
2017/18,Renfrewshire,65-74 years,"Rate per 1,000 People (adjusted)",95,92.1
2017/18,Renfrewshire,75-84 years,"Rate per 1,000 People",205,80.6
2017/18,Renfrewshire,75-84 years,"Rate per 1,000 People (adjusted)",205,96.5
2017/18,Renfrewshire,85+ years,"Rate per 1,000 People",250,106
2017/18,Renfrewshire,85+ years,"Rate per 1,000 People (adjusted)",250,142
2017/18,Renfrewshire,Unknown,"Rate per 1,000 People",0,0
2017/18,Renfrewshire,Unknown,"Rate per 1,000 People (adjusted)",0,0
2018/19,Renfrewshire,All Ages,"Rate per 1,000 People",850,111
2018/19,Renfrewshire,All Ages,"Rate per 1,000 People (adjusted)",850,134
2018/19,Renfrewshire,0-17 years,"Rate per 1,000 People",0,0
2018/19,Renfrewshire,0-17 years,"Rate per 1,000 People (adjusted)",0,0
2018/19,Renfrewshire,18-64 years,"Rate per 1,000 People",90,66.1
2018/19,Renfrewshire,18-64 years,"Rate per 1,000 People (adjusted)",90,80
2018/19,Renfrewshire,65-74 years,"Rate per 1,000 People",135,111.8
2018/19,Renfrewshire,65-74 years,"Rate per 1,000 People (adjusted)",135,126.5
2018/19,Renfrewshire,75-84 years,"Rate per 1,000 People",285,106.8
2018/19,Renfrewshire,75-84 years,"Rate per 1,000 People (adjusted)",285,126.1
2018/19,Renfrewshire,85+ years,"Rate per 1,000 People",335,140.1
2018/19,Renfrewshire,85+ years,"Rate per 1,000 People (adjusted)",340,180
2018/19,Renfrewshire,Unknown,"Rate per 1,000 People",5,384.6
2018/19,Renfrewshire,Unknown,"Rate per 1,000 People (adjusted)",0,0
2019/20,Renfrewshire,All Ages,"Rate per 1,000 People",975,126.5
2019/20,Renfrewshire,All Ages,"Rate per 1,000 People (adjusted)",975,152.4
2019/20,Renfrewshire,0-17 years,"Rate per 1,000 People",0,0
2019/20,Renfrewshire,0-17 years,"Rate per 1,000 People (adjusted)",0,0
2019/20,Renfrewshire,18-64 years,"Rate per 1,000 People",110,78.2
2019/20,Renfrewshire,18-64 years,"Rate per 1,000 People (adjusted)",110,89.4
2019/20,Renfrewshire,65-74 years,"Rate per 1,000 People",150,127.6
2019/20,Renfrewshire,65-74 years,"Rate per 1,000 People (adjusted)",150,146.2
2019/20,Renfrewshire,75-84 years,"Rate per 1,000 People",330,127.4
2019/20,Renfrewshire,75-84 years,"Rate per 1,000 People (adjusted)",330,152.7
2019/20,Renfrewshire,85+ years,"Rate per 1,000 People",385,153.4
2019/20,Renfrewshire,85+ years,"Rate per 1,000 People (adjusted)",385,195.9
2019/20,Renfrewshire,Unknown,"Rate per 1,000 People",5,384.6
2019/20,Renfrewshire,Unknown,"Rate per 1,000 People (adjusted)",0,0
2020/21,Renfrewshire,All Ages,"Rate per 1,000 People",995,129.7
2020/21,Renfrewshire,All Ages,"Rate per 1,000 People (adjusted)",995,159.6
2020/21,Renfrewshire,0-17 years,"Rate per 1,000 People",0,0
2020/21,Renfrewshire,0-17 years,"Rate per 1,000 People (adjusted)",0,0
2020/21,Renfrewshire,18-64 years,"Rate per 1,000 People",110,72.1
2020/21,Renfrewshire,18-64 years,"Rate per 1,000 People (adjusted)",110,90.8
2020/21,Renfrewshire,65-74 years,"Rate per 1,000 People",145,132.2
2020/21,Renfrewshire,65-74 years,"Rate per 1,000 People (adjusted)",145,150.3
2020/21,Renfrewshire,75-84 years,"Rate per 1,000 People",360,145.6
2020/21,Renfrewshire,75-84 years,"Rate per 1,000 People (adjusted)",360,172.9
2020/21,Renfrewshire,85+ years,"Rate per 1,000 People",380,152.9
2020/21,Renfrewshire,85+ years,"Rate per 1,000 People (adjusted)",380,198.3
2020/21,Renfrewshire,Unknown,"Rate per 1,000 People",0,0
2020/21,Renfrewshire,Unknown,"Rate per 1,000 People (adjusted)",0,0
2017/18,Scottish Borders,All Ages,"Rate per 1,000 People",205,50.8
2017/18,Scottish Borders,All Ages,"Rate per 1,000 People (adjusted)",205,58.5
2017/18,Scottish Borders,0-17 years,"Rate per 1,000 People",0,0
2017/18,Scottish Borders,0-17 years,"Rate per 1,000 People (adjusted)",0,0
2017/18,Scottish Borders,18-64 years,"Rate per 1,000 People",20,22.1
2017/18,Scottish Borders,18-64 years,"Rate per 1,000 People (adjusted)",20,23
2017/18,Scottish Borders,65-74 years,"Rate per 1,000 People",30,58.1
2017/18,Scottish Borders,65-74 years,"Rate per 1,000 People (adjusted)",30,62.1
2017/18,Scottish Borders,75-84 years,"Rate per 1,000 People",70,64
2017/18,Scottish Borders,75-84 years,"Rate per 1,000 People (adjusted)",70,73.7
2017/18,Scottish Borders,85+ years,"Rate per 1,000 People",90,61
2017/18,Scottish Borders,85+ years,"Rate per 1,000 People (adjusted)",90,77.9
2017/18,Scottish Borders,Unknown,"Rate per 1,000 People",0,0
2017/18,Scottish Borders,Unknown,"Rate per 1,000 People (adjusted)",0,0
2018/19,Scottish Borders,All Ages,"Rate per 1,000 People",220,36.3
2018/19,Scottish Borders,All Ages,"Rate per 1,000 People (adjusted)",220,40.7
2018/19,Scottish Borders,0-17 years,"Rate per 1,000 People",0,0
2018/19,Scottish Borders,0-17 years,"Rate per 1,000 People (adjusted)",0,0
2018/19,Scottish Borders,18-64 years,"Rate per 1,000 People",20,11.3
2018/19,Scottish Borders,18-64 years,"Rate per 1,000 People (adjusted)",20,11.4
2018/19,Scottish Borders,65-74 years,"Rate per 1,000 People",30,41
2018/19,Scottish Borders,65-74 years,"Rate per 1,000 People (adjusted)",30,44.1
2018/19,Scottish Borders,75-84 years,"Rate per 1,000 People",70,48.4
2018/19,Scottish Borders,75-84 years,"Rate per 1,000 People (adjusted)",70,55.1
2018/19,Scottish Borders,85+ years,"Rate per 1,000 People",105,56.6
2018/19,Scottish Borders,85+ years,"Rate per 1,000 People (adjusted)",105,72.4
2018/19,Scottish Borders,Unknown,"Rate per 1,000 People",0,0
2018/19,Scottish Borders,Unknown,"Rate per 1,000 People (adjusted)",0,0
2019/20,Scottish Borders,All Ages,"Rate per 1,000 People",215,48.9
2019/20,Scottish Borders,All Ages,"Rate per 1,000 People (adjusted)",215,56
2019/20,Scottish Borders,0-17 years,"Rate per 1,000 People",0,0
2019/20,Scottish Borders,0-17 years,"Rate per 1,000 People (adjusted)",0,0
2019/20,Scottish Borders,18-64 years,"Rate per 1,000 People",20,22
2019/20,Scottish Borders,18-64 years,"Rate per 1,000 People (adjusted)",20,22.3
2019/20,Scottish Borders,65-74 years,"Rate per 1,000 People",20,37.1
2019/20,Scottish Borders,65-74 years,"Rate per 1,000 People (adjusted)",20,40
2019/20,Scottish Borders,75-84 years,"Rate per 1,000 People",75,63.3
2019/20,Scottish Borders,75-84 years,"Rate per 1,000 People (adjusted)",75,72.2
2019/20,Scottish Borders,85+ years,"Rate per 1,000 People",105,62
2019/20,Scottish Borders,85+ years,"Rate per 1,000 People (adjusted)",105,78.5
2019/20,Scottish Borders,Unknown,"Rate per 1,000 People",0,0
2019/20,Scottish Borders,Unknown,"Rate per 1,000 People (adjusted)",0,0
2020/21,Scottish Borders,All Ages,"Rate per 1,000 People",210,51.8
2020/21,Scottish Borders,All Ages,"Rate per 1,000 People (adjusted)",210,62.8
2020/21,Scottish Borders,0-17 years,"Rate per 1,000 People",0,0
2020/21,Scottish Borders,0-17 years,"Rate per 1,000 People (adjusted)",0,0
2020/21,Scottish Borders,18-64 years,"Rate per 1,000 People",20,24.9
2020/21,Scottish Borders,18-64 years,"Rate per 1,000 People (adjusted)",20,26
2020/21,Scottish Borders,65-74 years,"Rate per 1,000 People",25,51.1
2020/21,Scottish Borders,65-74 years,"Rate per 1,000 People (adjusted)",25,57.6
2020/21,Scottish Borders,75-84 years,"Rate per 1,000 People",70,63.4
2020/21,Scottish Borders,75-84 years,"Rate per 1,000 People (adjusted)",70,78
2020/21,Scottish Borders,85+ years,"Rate per 1,000 People",100,62.6
2020/21,Scottish Borders,85+ years,"Rate per 1,000 People (adjusted)",100,84.3
2020/21,Scottish Borders,Unknown,"Rate per 1,000 People",0,0
2020/21,Scottish Borders,Unknown,"Rate per 1,000 People (adjusted)",0,0
2017/18,Shetland Islands,All Ages,"Rate per 1,000 People",95,78.7
2017/18,Shetland Islands,All Ages,"Rate per 1,000 People (adjusted)",95,82.3
2017/18,Shetland Islands,0-17 years,"Rate per 1,000 People",0,0
2017/18,Shetland Islands,0-17 years,"Rate per 1,000 People (adjusted)",0,0
2017/18,Shetland Islands,18-64 years,"Rate per 1,000 People",0,0
2017/18,Shetland Islands,18-64 years,"Rate per 1,000 People (adjusted)",0,0
2017/18,Shetland Islands,65-74 years,"Rate per 1,000 People",5,31.1
2017/18,Shetland Islands,65-74 years,"Rate per 1,000 People (adjusted)",5,32.3
2017/18,Shetland Islands,75-84 years,"Rate per 1,000 People",40,110.5
2017/18,Shetland Islands,75-84 years,"Rate per 1,000 People (adjusted)",40,115.3
2017/18,Shetland Islands,85+ years,"Rate per 1,000 People",50,150.6
2017/18,Shetland Islands,85+ years,"Rate per 1,000 People (adjusted)",50,159.7
2017/18,Shetland Islands,Unknown,"Rate per 1,000 People",0,0
2017/18,Shetland Islands,Unknown,"Rate per 1,000 People (adjusted)",0,0
2018/19,Shetland Islands,All Ages,"Rate per 1,000 People",110,84.2
2018/19,Shetland Islands,All Ages,"Rate per 1,000 People (adjusted)",110,96.7
2018/19,Shetland Islands,0-17 years,"Rate per 1,000 People",0,0
2018/19,Shetland Islands,0-17 years,"Rate per 1,000 People (adjusted)",0,0
2018/19,Shetland Islands,18-64 years,"Rate per 1,000 People",0,0
2018/19,Shetland Islands,18-64 years,"Rate per 1,000 People (adjusted)",0,0
2018/19,Shetland Islands,65-74 years,"Rate per 1,000 People",5,31.1
2018/19,Shetland Islands,65-74 years,"Rate per 1,000 People (adjusted)",5,34.7
2018/19,Shetland Islands,75-84 years,"Rate per 1,000 People",40,106.1
2018/19,Shetland Islands,75-84 years,"Rate per 1,000 People (adjusted)",40,118.3
2018/19,Shetland Islands,85+ years,"Rate per 1,000 People",60,165.3
2018/19,Shetland Islands,85+ years,"Rate per 1,000 People (adjusted)",60,194.8
2018/19,Shetland Islands,Unknown,"Rate per 1,000 People",0,0
2018/19,Shetland Islands,Unknown,"Rate per 1,000 People (adjusted)",0,0
2019/20,Shetland Islands,All Ages,"Rate per 1,000 People",135,93.7
2019/20,Shetland Islands,All Ages,"Rate per 1,000 People (adjusted)",135,107.6
2019/20,Shetland Islands,0-17 years,"Rate per 1,000 People",0,0
2019/20,Shetland Islands,0-17 years,"Rate per 1,000 People (adjusted)",0,0
2019/20,Shetland Islands,18-64 years,"Rate per 1,000 People",5,13.5
2019/20,Shetland Islands,18-64 years,"Rate per 1,000 People (adjusted)",5,16.1
2019/20,Shetland Islands,65-74 years,"Rate per 1,000 People",15,75.4
2019/20,Shetland Islands,65-74 years,"Rate per 1,000 People (adjusted)",15,87.2
2019/20,Shetland Islands,75-84 years,"Rate per 1,000 People",50,126.6
2019/20,Shetland Islands,75-84 years,"Rate per 1,000 People (adjusted)",50,144.9
2019/20,Shetland Islands,85+ years,"Rate per 1,000 People",60,164.8
2019/20,Shetland Islands,85+ years,"Rate per 1,000 People (adjusted)",60,188.1
2019/20,Shetland Islands,Unknown,"Rate per 1,000 People",0,0
2019/20,Shetland Islands,Unknown,"Rate per 1,000 People (adjusted)",0,0
2020/21,Shetland Islands,All Ages,"Rate per 1,000 People",195,134.9
2020/21,Shetland Islands,All Ages,"Rate per 1,000 People (adjusted)",195,155.8
2020/21,Shetland Islands,0-17 years,"Rate per 1,000 People",0,0
2020/21,Shetland Islands,0-17 years,"Rate per 1,000 People (adjusted)",0,0
2020/21,Shetland Islands,18-64 years,"Rate per 1,000 People",5,13.1
2020/21,Shetland Islands,18-64 years,"Rate per 1,000 People (adjusted)",5,16.2
2020/21,Shetland Islands,65-74 years,"Rate per 1,000 People",15,90.9
2020/21,Shetland Islands,65-74 years,"Rate per 1,000 People (adjusted)",15,104.9
2020/21,Shetland Islands,75-84 years,"Rate per 1,000 People",85,216.3
2020/21,Shetland Islands,75-84 years,"Rate per 1,000 People (adjusted)",85,235.5
2020/21,Shetland Islands,85+ years,"Rate per 1,000 People",90,236.2
2020/21,Shetland Islands,85+ years,"Rate per 1,000 People (adjusted)",90,265.5
2020/21,Shetland Islands,Unknown,"Rate per 1,000 People",0,0
2020/21,Shetland Islands,Unknown,"Rate per 1,000 People (adjusted)",0,0
2017/18,South Lanarkshire,All Ages,"Rate per 1,000 People",345,48.6
2017/18,South Lanarkshire,All Ages,"Rate per 1,000 People (adjusted)",345,67.6
2017/18,South Lanarkshire,0-17 years,"Rate per 1,000 People",0,0
2017/18,South Lanarkshire,0-17 years,"Rate per 1,000 People (adjusted)",0,0
2017/18,South Lanarkshire,18-64 years,"Rate per 1,000 People",30,21.5
2017/18,South Lanarkshire,18-64 years,"Rate per 1,000 People (adjusted)",30,25.6
2017/18,South Lanarkshire,65-74 years,"Rate per 1,000 People",45,46.7
2017/18,South Lanarkshire,65-74 years,"Rate per 1,000 People (adjusted)",45,65
2017/18,South Lanarkshire,75-84 years,"Rate per 1,000 People",110,50.3
2017/18,South Lanarkshire,75-84 years,"Rate per 1,000 People (adjusted)",110,71.1
2017/18,South Lanarkshire,85+ years,"Rate per 1,000 People",160,63.8
2017/18,South Lanarkshire,85+ years,"Rate per 1,000 People (adjusted)",160,97.6
2017/18,South Lanarkshire,Unknown,"Rate per 1,000 People",0,0
2017/18,South Lanarkshire,Unknown,"Rate per 1,000 People (adjusted)",0,0
2018/19,South Lanarkshire,All Ages,"Rate per 1,000 People",185,21.2
2018/19,South Lanarkshire,All Ages,"Rate per 1,000 People (adjusted)",185,24.7
2018/19,South Lanarkshire,0-17 years,"Rate per 1,000 People",0,0
2018/19,South Lanarkshire,0-17 years,"Rate per 1,000 People (adjusted)",0,0
2018/19,South Lanarkshire,18-64 years,"Rate per 1,000 People",15,10.1
2018/19,South Lanarkshire,18-64 years,"Rate per 1,000 People (adjusted)",15,10.6
2018/19,South Lanarkshire,65-74 years,"Rate per 1,000 People",20,16.7
2018/19,South Lanarkshire,65-74 years,"Rate per 1,000 People (adjusted)",20,18.6
2018/19,South Lanarkshire,75-84 years,"Rate per 1,000 People",60,21.8
2018/19,South Lanarkshire,75-84 years,"Rate per 1,000 People (adjusted)",60,25
2018/19,South Lanarkshire,85+ years,"Rate per 1,000 People",95,29.5
2018/19,South Lanarkshire,85+ years,"Rate per 1,000 People (adjusted)",95,37.5
2018/19,South Lanarkshire,Unknown,"Rate per 1,000 People",0,0
2018/19,South Lanarkshire,Unknown,"Rate per 1,000 People (adjusted)",0,0
2019/20,South Lanarkshire,All Ages,"Rate per 1,000 People",125,14.5
2019/20,South Lanarkshire,All Ages,"Rate per 1,000 People (adjusted)",125,17
2019/20,South Lanarkshire,0-17 years,"Rate per 1,000 People",0,0
2019/20,South Lanarkshire,0-17 years,"Rate per 1,000 People (adjusted)",0,0
2019/20,South Lanarkshire,18-64 years,"Rate per 1,000 People",15,10.7
2019/20,South Lanarkshire,18-64 years,"Rate per 1,000 People (adjusted)",15,11.3
2019/20,South Lanarkshire,65-74 years,"Rate per 1,000 People",15,12.6
2019/20,South Lanarkshire,65-74 years,"Rate per 1,000 People (adjusted)",15,14
2019/20,South Lanarkshire,75-84 years,"Rate per 1,000 People",40,14.5
2019/20,South Lanarkshire,75-84 years,"Rate per 1,000 People (adjusted)",40,16.7
2019/20,South Lanarkshire,85+ years,"Rate per 1,000 People",55,16.9
2019/20,South Lanarkshire,85+ years,"Rate per 1,000 People (adjusted)",55,21.8
2019/20,South Lanarkshire,Unknown,"Rate per 1,000 People",0,0
2019/20,South Lanarkshire,Unknown,"Rate per 1,000 People (adjusted)",0,0
2020/21,South Lanarkshire,All Ages,"Rate per 1,000 People",120,13.4
2020/21,South Lanarkshire,All Ages,"Rate per 1,000 People (adjusted)",120,15.2
2020/21,South Lanarkshire,0-17 years,"Rate per 1,000 People",0,0
2020/21,South Lanarkshire,0-17 years,"Rate per 1,000 People (adjusted)",0,0
2020/21,South Lanarkshire,18-64 years,"Rate per 1,000 People",15,8.8
2020/21,South Lanarkshire,18-64 years,"Rate per 1,000 People (adjusted)",15,9.8
2020/21,South Lanarkshire,65-74 years,"Rate per 1,000 People",15,12.3
2020/21,South Lanarkshire,65-74 years,"Rate per 1,000 People (adjusted)",15,13.3
2020/21,South Lanarkshire,75-84 years,"Rate per 1,000 People",35,12.9
2020/21,South Lanarkshire,75-84 years,"Rate per 1,000 People (adjusted)",35,14.2
2020/21,South Lanarkshire,85+ years,"Rate per 1,000 People",60,18.4
2020/21,South Lanarkshire,85+ years,"Rate per 1,000 People (adjusted)",60,21.9
2020/21,South Lanarkshire,Unknown,"Rate per 1,000 People",0,0
2020/21,South Lanarkshire,Unknown,"Rate per 1,000 People (adjusted)",0,0
2017/18,Stirling,All Ages,"Rate per 1,000 People",70,18.5
2017/18,Stirling,All Ages,"Rate per 1,000 People (adjusted)",70,19.3
2017/18,Stirling,0-17 years,"Rate per 1,000 People",0,0
2017/18,Stirling,0-17 years,"Rate per 1,000 People (adjusted)",0,0
2017/18,Stirling,18-64 years,"Rate per 1,000 People",5,7
2017/18,Stirling,18-64 years,"Rate per 1,000 People (adjusted)",5,7.4
2017/18,Stirling,65-74 years,"Rate per 1,000 People",5,10.5
2017/18,Stirling,65-74 years,"Rate per 1,000 People (adjusted)",5,11
2017/18,Stirling,75-84 years,"Rate per 1,000 People",25,20.2
2017/18,Stirling,75-84 years,"Rate per 1,000 People (adjusted)",25,20.8
2017/18,Stirling,85+ years,"Rate per 1,000 People",35,25.8
2017/18,Stirling,85+ years,"Rate per 1,000 People (adjusted)",35,27
2017/18,Stirling,Unknown,"Rate per 1,000 People",0,0
2017/18,Stirling,Unknown,"Rate per 1,000 People (adjusted)",0,0
2018/19,Stirling,All Ages,"Rate per 1,000 People",60,15.4
2018/19,Stirling,All Ages,"Rate per 1,000 People (adjusted)",60,16.2
2018/19,Stirling,0-17 years,"Rate per 1,000 People",0,0
2018/19,Stirling,0-17 years,"Rate per 1,000 People (adjusted)",0,0
2018/19,Stirling,18-64 years,"Rate per 1,000 People",5,6.9
2018/19,Stirling,18-64 years,"Rate per 1,000 People (adjusted)",5,7.2
2018/19,Stirling,65-74 years,"Rate per 1,000 People",5,10.6
2018/19,Stirling,65-74 years,"Rate per 1,000 People (adjusted)",5,11.2
2018/19,Stirling,75-84 years,"Rate per 1,000 People",20,15.6
2018/19,Stirling,75-84 years,"Rate per 1,000 People (adjusted)",20,16.4
2018/19,Stirling,85+ years,"Rate per 1,000 People",30,21.3
2018/19,Stirling,85+ years,"Rate per 1,000 People (adjusted)",30,22.5
2018/19,Stirling,Unknown,"Rate per 1,000 People",0,0
2018/19,Stirling,Unknown,"Rate per 1,000 People (adjusted)",0,0
2019/20,Stirling,All Ages,"Rate per 1,000 People",55,14.4
2019/20,Stirling,All Ages,"Rate per 1,000 People (adjusted)",55,14.9
2019/20,Stirling,0-17 years,"Rate per 1,000 People",0,0
2019/20,Stirling,0-17 years,"Rate per 1,000 People (adjusted)",0,0
2019/20,Stirling,18-64 years,"Rate per 1,000 People",5,7
2019/20,Stirling,18-64 years,"Rate per 1,000 People (adjusted)",5,7.4
2019/20,Stirling,65-74 years,"Rate per 1,000 People",5,11.4
2019/20,Stirling,65-74 years,"Rate per 1,000 People (adjusted)",5,11.6
2019/20,Stirling,75-84 years,"Rate per 1,000 People",15,11.8
2019/20,Stirling,75-84 years,"Rate per 1,000 People (adjusted)",15,12.1
2019/20,Stirling,85+ years,"Rate per 1,000 People",30,21.6
2019/20,Stirling,85+ years,"Rate per 1,000 People (adjusted)",30,22.4
2019/20,Stirling,Unknown,"Rate per 1,000 People",0,0
2019/20,Stirling,Unknown,"Rate per 1,000 People (adjusted)",0,0
2020/21,Stirling,All Ages,"Rate per 1,000 People",55,14.7
2020/21,Stirling,All Ages,"Rate per 1,000 People (adjusted)",55,15.2
2020/21,Stirling,0-17 years,"Rate per 1,000 People",0,0
2020/21,Stirling,0-17 years,"Rate per 1,000 People (adjusted)",0,0
2020/21,Stirling,18-64 years,"Rate per 1,000 People",5,7.1
2020/21,Stirling,18-64 years,"Rate per 1,000 People (adjusted)",5,7.5
2020/21,Stirling,65-74 years,"Rate per 1,000 People",5,11.2
2020/21,Stirling,65-74 years,"Rate per 1,000 People (adjusted)",5,11.8
2020/21,Stirling,75-84 years,"Rate per 1,000 People",20,16.8
2020/21,Stirling,75-84 years,"Rate per 1,000 People (adjusted)",20,17.2
2020/21,Stirling,85+ years,"Rate per 1,000 People",30,21.6
2020/21,Stirling,85+ years,"Rate per 1,000 People (adjusted)",30,22.1
2020/21,Stirling,Unknown,"Rate per 1,000 People",0,0
2020/21,Stirling,Unknown,"Rate per 1,000 People (adjusted)",0,0
2017/18,West Dunbartonshire,All Ages,"Rate per 1,000 People",170,43.8
2017/18,West Dunbartonshire,All Ages,"Rate per 1,000 People (adjusted)",170,52
2017/18,West Dunbartonshire,0-17 years,"Rate per 1,000 People",0,0
2017/18,West Dunbartonshire,0-17 years,"Rate per 1,000 People (adjusted)",0,0
2017/18,West Dunbartonshire,18-64 years,"Rate per 1,000 People",25,43.7
2017/18,West Dunbartonshire,18-64 years,"Rate per 1,000 People (adjusted)",25,49.9
2017/18,West Dunbartonshire,65-74 years,"Rate per 1,000 People",30,44.7
2017/18,West Dunbartonshire,65-74 years,"Rate per 1,000 People (adjusted)",30,50.7
2017/18,West Dunbartonshire,75-84 years,"Rate per 1,000 People",60,46.2
2017/18,West Dunbartonshire,75-84 years,"Rate per 1,000 People (adjusted)",60,54.9
2017/18,West Dunbartonshire,85+ years,"Rate per 1,000 People",50,41.7
2017/18,West Dunbartonshire,85+ years,"Rate per 1,000 People (adjusted)",55,51.8
2017/18,West Dunbartonshire,Unknown,"Rate per 1,000 People",5,43.9
2017/18,West Dunbartonshire,Unknown,"Rate per 1,000 People (adjusted)",0,0
2018/19,West Dunbartonshire,All Ages,"Rate per 1,000 People",170,40.5
2018/19,West Dunbartonshire,All Ages,"Rate per 1,000 People (adjusted)",170,49.1
2018/19,West Dunbartonshire,0-17 years,"Rate per 1,000 People",0,0
2018/19,West Dunbartonshire,0-17 years,"Rate per 1,000 People (adjusted)",0,0
2018/19,West Dunbartonshire,18-64 years,"Rate per 1,000 People",25,42.4
2018/19,West Dunbartonshire,18-64 years,"Rate per 1,000 People (adjusted)",25,47.5
2018/19,West Dunbartonshire,65-74 years,"Rate per 1,000 People",30,40.5
2018/19,West Dunbartonshire,65-74 years,"Rate per 1,000 People (adjusted)",30,45.9
2018/19,West Dunbartonshire,75-84 years,"Rate per 1,000 People",50,36.1
2018/19,West Dunbartonshire,75-84 years,"Rate per 1,000 People (adjusted)",50,43.7
2018/19,West Dunbartonshire,85+ years,"Rate per 1,000 People",55,42
2018/19,West Dunbartonshire,85+ years,"Rate per 1,000 People (adjusted)",60,53.5
2018/19,West Dunbartonshire,Unknown,"Rate per 1,000 People",5,33.6
2018/19,West Dunbartonshire,Unknown,"Rate per 1,000 People (adjusted)",0,0
2019/20,West Dunbartonshire,All Ages,"Rate per 1,000 People",120,28.1
2019/20,West Dunbartonshire,All Ages,"Rate per 1,000 People (adjusted)",120,35.3
2019/20,West Dunbartonshire,0-17 years,"Rate per 1,000 People",0,0
2019/20,West Dunbartonshire,0-17 years,"Rate per 1,000 People (adjusted)",0,0
2019/20,West Dunbartonshire,18-64 years,"Rate per 1,000 People",15,23.8
2019/20,West Dunbartonshire,18-64 years,"Rate per 1,000 People (adjusted)",15,27.9
2019/20,West Dunbartonshire,65-74 years,"Rate per 1,000 People",30,40.5
2019/20,West Dunbartonshire,65-74 years,"Rate per 1,000 People (adjusted)",30,48.9
2019/20,West Dunbartonshire,75-84 years,"Rate per 1,000 People",30,22.2
2019/20,West Dunbartonshire,75-84 years,"Rate per 1,000 People (adjusted)",30,27.8
2019/20,West Dunbartonshire,85+ years,"Rate per 1,000 People",40,30.5
2019/20,West Dunbartonshire,85+ years,"Rate per 1,000 People (adjusted)",45,39.2
2019/20,West Dunbartonshire,Unknown,"Rate per 1,000 People",5,24.5
2019/20,West Dunbartonshire,Unknown,"Rate per 1,000 People (adjusted)",0,0
2020/21,West Dunbartonshire,All Ages,"Rate per 1,000 People",120,26.4
2020/21,West Dunbartonshire,All Ages,"Rate per 1,000 People (adjusted)",120,34.6
2020/21,West Dunbartonshire,0-17 years,"Rate per 1,000 People",0,0
2020/21,West Dunbartonshire,0-17 years,"Rate per 1,000 People (adjusted)",0,0
2020/21,West Dunbartonshire,18-64 years,"Rate per 1,000 People",20,21.2
2020/21,West Dunbartonshire,18-64 years,"Rate per 1,000 People (adjusted)",20,32.1
2020/21,West Dunbartonshire,65-74 years,"Rate per 1,000 People",30,44.7
2020/21,West Dunbartonshire,65-74 years,"Rate per 1,000 People (adjusted)",30,54.2
2020/21,West Dunbartonshire,75-84 years,"Rate per 1,000 People",25,19.9
2020/21,West Dunbartonshire,75-84 years,"Rate per 1,000 People (adjusted)",25,24.4
2020/21,West Dunbartonshire,85+ years,"Rate per 1,000 People",40,31.3
2020/21,West Dunbartonshire,85+ years,"Rate per 1,000 People (adjusted)",45,36.2
2020/21,West Dunbartonshire,Unknown,"Rate per 1,000 People",5,14.3
2020/21,West Dunbartonshire,Unknown,"Rate per 1,000 People (adjusted)",0,0
2017/18,West Lothian,All Ages,"Rate per 1,000 People",185,23
2017/18,West Lothian,All Ages,"Rate per 1,000 People (adjusted)",185,25.9
2017/18,West Lothian,0-17 years,"Rate per 1,000 People",0,0
2017/18,West Lothian,0-17 years,"Rate per 1,000 People (adjusted)",0,0
2017/18,West Lothian,18-64 years,"Rate per 1,000 People",30,14.9
2017/18,West Lothian,18-64 years,"Rate per 1,000 People (adjusted)",30,16.8
2017/18,West Lothian,65-74 years,"Rate per 1,000 People",35,24.2
2017/18,West Lothian,65-74 years,"Rate per 1,000 People (adjusted)",35,26.2
2017/18,West Lothian,75-84 years,"Rate per 1,000 People",60,22.4
2017/18,West Lothian,75-84 years,"Rate per 1,000 People (adjusted)",60,25
2017/18,West Lothian,85+ years,"Rate per 1,000 People",60,32.8
2017/18,West Lothian,85+ years,"Rate per 1,000 People (adjusted)",60,38.9
2017/18,West Lothian,Unknown,"Rate per 1,000 People",0,0
2017/18,West Lothian,Unknown,"Rate per 1,000 People (adjusted)",0,0
2018/19,West Lothian,All Ages,"Rate per 1,000 People",150,19
2018/19,West Lothian,All Ages,"Rate per 1,000 People (adjusted)",150,22.4
2018/19,West Lothian,0-17 years,"Rate per 1,000 People",0,0
2018/19,West Lothian,0-17 years,"Rate per 1,000 People (adjusted)",0,0
2018/19,West Lothian,18-64 years,"Rate per 1,000 People",25,12.8
2018/19,West Lothian,18-64 years,"Rate per 1,000 People (adjusted)",25,14.8
2018/19,West Lothian,65-74 years,"Rate per 1,000 People",25,18.7
2018/19,West Lothian,65-74 years,"Rate per 1,000 People (adjusted)",25,20.6
2018/19,West Lothian,75-84 years,"Rate per 1,000 People",50,19
2018/19,West Lothian,75-84 years,"Rate per 1,000 People (adjusted)",50,22.3
2018/19,West Lothian,85+ years,"Rate per 1,000 People",50,26.6
2018/19,West Lothian,85+ years,"Rate per 1,000 People (adjusted)",50,34
2018/19,West Lothian,Unknown,"Rate per 1,000 People",0,0
2018/19,West Lothian,Unknown,"Rate per 1,000 People (adjusted)",0,0
2019/20,West Lothian,All Ages,"Rate per 1,000 People",140,19
2019/20,West Lothian,All Ages,"Rate per 1,000 People (adjusted)",140,23.5
2019/20,West Lothian,0-17 years,"Rate per 1,000 People",0,0
2019/20,West Lothian,0-17 years,"Rate per 1,000 People (adjusted)",0,0
2019/20,West Lothian,18-64 years,"Rate per 1,000 People",20,11.7
2019/20,West Lothian,18-64 years,"Rate per 1,000 People (adjusted)",20,13.8
2019/20,West Lothian,65-74 years,"Rate per 1,000 People",20,16.8
2019/20,West Lothian,65-74 years,"Rate per 1,000 People (adjusted)",20,19.5
2019/20,West Lothian,75-84 years,"Rate per 1,000 People",50,20.6
2019/20,West Lothian,75-84 years,"Rate per 1,000 People (adjusted)",50,25.2
2019/20,West Lothian,85+ years,"Rate per 1,000 People",45,23.1
2019/20,West Lothian,85+ years,"Rate per 1,000 People (adjusted)",45,31.4
2019/20,West Lothian,Unknown,"Rate per 1,000 People",0,0
2019/20,West Lothian,Unknown,"Rate per 1,000 People (adjusted)",0,0
2020/21,West Lothian,All Ages,"Rate per 1,000 People",105,13.8
2020/21,West Lothian,All Ages,"Rate per 1,000 People (adjusted)",105,17.4
2020/21,West Lothian,0-17 years,"Rate per 1,000 People",0,0
2020/21,West Lothian,0-17 years,"Rate per 1,000 People (adjusted)",0,0
2020/21,West Lothian,18-64 years,"Rate per 1,000 People",15,8.3
2020/21,West Lothian,18-64 years,"Rate per 1,000 People (adjusted)",15,10
2020/21,West Lothian,65-74 years,"Rate per 1,000 People",20,16.8
2020/21,West Lothian,65-74 years,"Rate per 1,000 People (adjusted)",20,19.4
2020/21,West Lothian,75-84 years,"Rate per 1,000 People",40,16.4
2020/21,West Lothian,75-84 years,"Rate per 1,000 People (adjusted)",40,20.5
2020/21,West Lothian,85+ years,"Rate per 1,000 People",35,17.1
2020/21,West Lothian,85+ years,"Rate per 1,000 People (adjusted)",35,23.6
2020/21,West Lothian,Unknown,"Rate per 1,000 People",0,0
2020/21,West Lothian,Unknown,"Rate per 1,000 People (adjusted)",0,0
