financial_year,sending_location,option_type,nclient,rate
2014/15,Scotland (Estimated),Option 1,6450,1.2
2014/15,Scotland (Estimated),Option 2,3435,0.6
2014/15,Scotland (Estimated),Option 3,26330,4.9
2014/15,Scotland (Estimated),Option 4,1055,0.2
2014/15,Aberdeen City,Option 1,310,1.4
2014/15,Aberdeen City,Option 2,0,0
2014/15,Aberdeen City,Option 3,0,0
2014/15,Aberdeen City,Option 4,0,0
2014/15,Aberdeenshire,Option 1,270,1
2014/15,Aberdeenshire,Option 2,5,0
2014/15,Aberdeenshire,Option 3,890,3.4
2014/15,Aberdeenshire,Option 4,70,0.3
2014/15,Angus,Option 1,100,0.9
2014/15,Angus,Option 2,110,0.9
2014/15,Angus,Option 3,410,3.5
2014/15,Angus,Option 4,10,0.1
2014/15,Argyll and Bute,Option 1,130,1.5
2014/15,Argyll and Bute,Option 2,0,0
2014/15,Argyll and Bute,Option 3,865,9.9
2014/15,Argyll and Bute,Option 4,10,0.1
2014/15,City of Edinburgh,Option 1,1260,2.6
2014/15,City of Edinburgh,Option 2,25,0.1
2014/15,City of Edinburgh,Option 3,2645,5.4
2014/15,City of Edinburgh,Option 4,180,0.4
2014/15,Clackmannanshire,Option 1,50,1
2014/15,Clackmannanshire,Option 2,0,0
2014/15,Clackmannanshire,Option 3,0,0
2014/15,Clackmannanshire,Option 4,0,0
2014/15,Comhairle nan Eilean Siar,Option 1,90,3.3
2014/15,Comhairle nan Eilean Siar,Option 2,0,0
2014/15,Comhairle nan Eilean Siar,Option 3,0,0
2014/15,Comhairle nan Eilean Siar,Option 4,0,0
2014/15,Dumfries and Galloway,Option 1,310,2.1
2014/15,Dumfries and Galloway,Option 2,0,0
2014/15,Dumfries and Galloway,Option 3,1655,11
2014/15,Dumfries and Galloway,Option 4,70,0.5
2014/15,Dundee City,Option 1,50,0.3
2014/15,Dundee City,Option 2,10,0.1
2014/15,Dundee City,Option 3,5670,38.3
2014/15,Dundee City,Option 4,5,0
2014/15,East Ayrshire,Option 1,190,1.6
2014/15,East Ayrshire,Option 2,145,1.2
2014/15,East Ayrshire,Option 3,935,7.7
2014/15,East Ayrshire,Option 4,100,0.8
2014/15,East Dunbartonshire,Option 1,210,2
2014/15,East Dunbartonshire,Option 2,10,0.1
2014/15,East Dunbartonshire,Option 3,950,8.9
2014/15,East Dunbartonshire,Option 4,5,0
2014/15,East Lothian,Option 1,40,0.4
2014/15,East Lothian,Option 2,35,0.3
2014/15,East Lothian,Option 3,65,0.6
2014/15,East Lothian,Option 4,0,0
2014/15,East Renfrewshire,Option 1,230,2.5
2014/15,East Renfrewshire,Option 2,0,0
2014/15,East Renfrewshire,Option 3,0,0
2014/15,East Renfrewshire,Option 4,0,0
2014/15,Falkirk,Option 1,40,0.3
2014/15,Falkirk,Option 2,45,0.3
2014/15,Falkirk,Option 3,1795,11.4
2014/15,Falkirk,Option 4,25,0.2
2014/15,Fife,Option 1,410,1.1
2014/15,Fife,Option 2,0,0
2014/15,Fife,Option 3,310,0.8
2014/15,Fife,Option 4,5,0
2014/15,Glasgow City,Option 1,390,0.7
2014/15,Glasgow City,Option 2,1955,3.3
2014/15,Glasgow City,Option 3,140,0.2
2014/15,Glasgow City,Option 4,225,0.4
2014/15,Highland,Option 1,440,1.9
2014/15,Highland,Option 2,65,0.3
2014/15,Highland,Option 3,0,0
2014/15,Highland,Option 4,0,0
2014/15,Inverclyde,Option 1,70,0.9
2014/15,Inverclyde,Option 2,55,0.7
2014/15,Inverclyde,Option 3,1335,16.7
2014/15,Inverclyde,Option 4,20,0.3
2014/15,Midlothian,Option 1,90,1
2014/15,Midlothian,Option 2,0,0
2014/15,Midlothian,Option 3,0,0
2014/15,Midlothian,Option 4,0,0
2014/15,Moray,Option 1,240,2.5
2014/15,Moray,Option 2,55,0.6
2014/15,Moray,Option 3,1980,20.9
2014/15,Moray,Option 4,5,0.1
2014/15,North Ayrshire,Option 1,190,1.4
2014/15,North Ayrshire,Option 2,0,0
2014/15,North Ayrshire,Option 3,775,5.7
2014/15,North Ayrshire,Option 4,0,0
2014/15,North Lanarkshire,Option 1,150,0.4
2014/15,North Lanarkshire,Option 2,695,2.1
2014/15,North Lanarkshire,Option 3,150,0.4
2014/15,North Lanarkshire,Option 4,5,0
2014/15,Orkney Islands,Option 1,60,2.8
2014/15,Orkney Islands,Option 2,0,0
2014/15,Orkney Islands,Option 3,0,0
2014/15,Orkney Islands,Option 4,0,0
2014/15,Perth and Kinross,Option 1,200,1.3
2014/15,Perth and Kinross,Option 2,100,0.7
2014/15,Perth and Kinross,Option 3,2620,17.6
2014/15,Perth and Kinross,Option 4,175,1.2
2014/15,Renfrewshire,Option 1,30,0.2
2014/15,Renfrewshire,Option 2,10,0.1
2014/15,Renfrewshire,Option 3,100,0.6
2014/15,Renfrewshire,Option 4,0,0
2014/15,Scottish Borders,Option 1,220,1.9
2014/15,Scottish Borders,Option 2,10,0.1
2014/15,Scottish Borders,Option 3,130,1.1
2014/15,Scottish Borders,Option 4,50,0.4
2014/15,Shetland Islands,Option 1,20,0.9
2014/15,Shetland Islands,Option 2,0,0
2014/15,Shetland Islands,Option 3,0,0
2014/15,Shetland Islands,Option 4,0,0
2014/15,South Ayrshire,Option 1,80,0.7
2014/15,South Ayrshire,Option 2,5,0
2014/15,South Ayrshire,Option 3,1130,10
2014/15,South Ayrshire,Option 4,0,0
2014/15,South Lanarkshire,Option 1,230,0.7
2014/15,South Lanarkshire,Option 2,0,0
2014/15,South Lanarkshire,Option 3,360,1.1
2014/15,South Lanarkshire,Option 4,10,0
2014/15,Stirling,Option 1,110,1.2
2014/15,Stirling,Option 2,5,0.1
2014/15,Stirling,Option 3,890,9.7
2014/15,Stirling,Option 4,20,0.2
2014/15,West Dunbartonshire,Option 1,90,1
2014/15,West Dunbartonshire,Option 2,0,0
2014/15,West Dunbartonshire,Option 3,0,0
2014/15,West Dunbartonshire,Option 4,0,0
2014/15,West Lothian,Option 1,150,0.8
2014/15,West Lothian,Option 2,95,0.5
2014/15,West Lothian,Option 3,530,3
2014/15,West Lothian,Option 4,55,0.3
2015/16,Scotland (Estimated),Option 1,7600,1.4
2015/16,Scotland (Estimated),Option 2,6440,1.2
2015/16,Scotland (Estimated),Option 3,42110,7.8
2015/16,Scotland (Estimated),Option 4,2710,0.5
2015/16,Aberdeen City,Option 1,350,1.5
2015/16,Aberdeen City,Option 2,5,0
2015/16,Aberdeen City,Option 3,0,0
2015/16,Aberdeen City,Option 4,0,0
2015/16,Aberdeenshire,Option 1,550,2.1
2015/16,Aberdeenshire,Option 2,25,0.1
2015/16,Aberdeenshire,Option 3,2795,10.7
2015/16,Aberdeenshire,Option 4,170,0.6
2015/16,Angus,Option 1,60,0.5
2015/16,Angus,Option 2,160,1.4
2015/16,Angus,Option 3,875,7.5
2015/16,Angus,Option 4,40,0.3
2015/16,Argyll and Bute,Option 1,140,1.6
2015/16,Argyll and Bute,Option 2,20,0.2
2015/16,Argyll and Bute,Option 3,1165,13.4
2015/16,Argyll and Bute,Option 4,25,0.3
2015/16,City of Edinburgh,Option 1,1380,2.8
2015/16,City of Edinburgh,Option 2,80,0.2
2015/16,City of Edinburgh,Option 3,2930,5.9
2015/16,City of Edinburgh,Option 4,215,0.4
2015/16,Clackmannanshire,Option 1,60,1.2
2015/16,Clackmannanshire,Option 2,5,0.1
2015/16,Clackmannanshire,Option 3,1485,28.9
2015/16,Clackmannanshire,Option 4,40,0.8
2015/16,Comhairle nan Eilean Siar,Option 1,80,3
2015/16,Comhairle nan Eilean Siar,Option 2,0,0
2015/16,Comhairle nan Eilean Siar,Option 3,185,6.8
2015/16,Comhairle nan Eilean Siar,Option 4,0,0
2015/16,Dumfries and Galloway,Option 1,330,2.2
2015/16,Dumfries and Galloway,Option 2,0,0
2015/16,Dumfries and Galloway,Option 3,3465,23.2
2015/16,Dumfries and Galloway,Option 4,55,0.4
2015/16,Dundee City,Option 1,60,0.4
2015/16,Dundee City,Option 2,20,0.1
2015/16,Dundee City,Option 3,4005,27
2015/16,Dundee City,Option 4,0,0
2015/16,East Ayrshire,Option 1,240,2
2015/16,East Ayrshire,Option 2,180,1.5
2015/16,East Ayrshire,Option 3,825,6.8
2015/16,East Ayrshire,Option 4,110,0.9
2015/16,East Dunbartonshire,Option 1,240,2.2
2015/16,East Dunbartonshire,Option 2,90,0.8
2015/16,East Dunbartonshire,Option 3,1280,12
2015/16,East Dunbartonshire,Option 4,45,0.4
2015/16,East Lothian,Option 1,140,1.4
2015/16,East Lothian,Option 2,65,0.6
2015/16,East Lothian,Option 3,270,2.6
2015/16,East Lothian,Option 4,40,0.4
2015/16,East Renfrewshire,Option 1,110,1.2
2015/16,East Renfrewshire,Option 2,105,1.1
2015/16,East Renfrewshire,Option 3,240,2.6
2015/16,East Renfrewshire,Option 4,15,0.2
2015/16,Falkirk,Option 1,60,0.4
2015/16,Falkirk,Option 2,95,0.6
2015/16,Falkirk,Option 3,2360,14.9
2015/16,Falkirk,Option 4,65,0.4
2015/16,Fife,Option 1,400,1.1
2015/16,Fife,Option 2,5,0
2015/16,Fife,Option 3,535,1.5
2015/16,Fife,Option 4,20,0.1
2015/16,Glasgow City,Option 1,530,0.9
2015/16,Glasgow City,Option 2,2730,4.5
2015/16,Glasgow City,Option 3,140,0.2
2015/16,Glasgow City,Option 4,240,0.4
2015/16,Highland,Option 1,600,2.6
2015/16,Highland,Option 2,140,0.6
2015/16,Highland,Option 3,1395,6
2015/16,Highland,Option 4,85,0.4
2015/16,Inverclyde,Option 1,80,1
2015/16,Inverclyde,Option 2,275,3.5
2015/16,Inverclyde,Option 3,1980,24.9
2015/16,Inverclyde,Option 4,160,2
2015/16,Midlothian,Option 1,130,1.5
2015/16,Midlothian,Option 2,150,1.7
2015/16,Midlothian,Option 3,2175,24.9
2015/16,Midlothian,Option 4,210,2.4
2015/16,Moray,Option 1,250,2.6
2015/16,Moray,Option 2,45,0.5
2015/16,Moray,Option 3,1385,14.5
2015/16,Moray,Option 4,90,0.9
2015/16,North Ayrshire,Option 1,200,1.5
2015/16,North Ayrshire,Option 2,5,0
2015/16,North Ayrshire,Option 3,1285,9.4
2015/16,North Ayrshire,Option 4,50,0.4
2015/16,North Lanarkshire,Option 1,200,0.6
2015/16,North Lanarkshire,Option 2,925,2.7
2015/16,North Lanarkshire,Option 3,55,0.2
2015/16,North Lanarkshire,Option 4,15,0
2015/16,Orkney Islands,Option 1,90,4.2
2015/16,Orkney Islands,Option 2,5,0.2
2015/16,Orkney Islands,Option 3,130,6
2015/16,Orkney Islands,Option 4,15,0.7
2015/16,Perth and Kinross,Option 1,220,1.5
2015/16,Perth and Kinross,Option 2,325,2.2
2015/16,Perth and Kinross,Option 3,4220,28.1
2015/16,Perth and Kinross,Option 4,330,2.2
2015/16,Renfrewshire,Option 1,50,0.3
2015/16,Renfrewshire,Option 2,45,0.3
2015/16,Renfrewshire,Option 3,515,3
2015/16,Renfrewshire,Option 4,55,0.3
2015/16,Scottish Borders,Option 1,270,2.4
2015/16,Scottish Borders,Option 2,5,0
2015/16,Scottish Borders,Option 3,420,3.7
2015/16,Scottish Borders,Option 4,60,0.5
2015/16,Shetland Islands,Option 1,30,1.3
2015/16,Shetland Islands,Option 2,0,0
2015/16,Shetland Islands,Option 3,0,0
2015/16,Shetland Islands,Option 4,0,0
2015/16,South Ayrshire,Option 1,100,0.9
2015/16,South Ayrshire,Option 2,5,0
2015/16,South Ayrshire,Option 3,2870,25.5
2015/16,South Ayrshire,Option 4,0,0
2015/16,South Lanarkshire,Option 1,290,0.9
2015/16,South Lanarkshire,Option 2,5,0
2015/16,South Lanarkshire,Option 3,565,1.8
2015/16,South Lanarkshire,Option 4,25,0.1
2015/16,Stirling,Option 1,90,1
2015/16,Stirling,Option 2,75,0.8
2015/16,Stirling,Option 3,1215,13.1
2015/16,Stirling,Option 4,65,0.7
2015/16,West Dunbartonshire,Option 1,90,1
2015/16,West Dunbartonshire,Option 2,5,0.1
2015/16,West Dunbartonshire,Option 3,0,0
2015/16,West Dunbartonshire,Option 4,5,0.1
2015/16,West Lothian,Option 1,180,1
2015/16,West Lothian,Option 2,855,4.8
2015/16,West Lothian,Option 3,1350,7.6
2015/16,West Lothian,Option 4,470,2.6
2016/17,Scotland (Estimated),Option 1,8300,1.5
2016/17,Scotland (Estimated),Option 2,6380,1.2
2016/17,Scotland (Estimated),Option 3,72685,13.4
2016/17,Scotland (Estimated),Option 4,3500,0.6
2016/17,Aberdeen City,Option 1,360,1.6
2016/17,Aberdeen City,Option 2,15,0.1
2016/17,Aberdeen City,Option 3,15,0.1
2016/17,Aberdeen City,Option 4,5,0
2016/17,Aberdeenshire,Option 1,560,2.1
2016/17,Aberdeenshire,Option 2,35,0.1
2016/17,Aberdeenshire,Option 3,4180,15.9
2016/17,Aberdeenshire,Option 4,295,1.1
2016/17,Angus,Option 1,60,0.5
2016/17,Angus,Option 2,160,1.4
2016/17,Angus,Option 3,875,7.5
2016/17,Angus,Option 4,40,0.3
2016/17,Argyll and Bute,Option 1,170,2
2016/17,Argyll and Bute,Option 2,15,0.2
2016/17,Argyll and Bute,Option 3,1015,11.6
2016/17,Argyll and Bute,Option 4,25,0.3
2016/17,City of Edinburgh,Option 1,1310,2.6
2016/17,City of Edinburgh,Option 2,275,0.5
2016/17,City of Edinburgh,Option 3,3430,6.8
2016/17,City of Edinburgh,Option 4,325,0.6
2016/17,Clackmannanshire,Option 1,50,1
2016/17,Clackmannanshire,Option 2,15,0.3
2016/17,Clackmannanshire,Option 3,1625,31.6
2016/17,Clackmannanshire,Option 4,35,0.7
2016/17,Comhairle nan Eilean Siar,Option 1,120,4.5
2016/17,Comhairle nan Eilean Siar,Option 2,45,1.7
2016/17,Comhairle nan Eilean Siar,Option 3,485,18
2016/17,Comhairle nan Eilean Siar,Option 4,20,0.7
2016/17,Dumfries and Galloway,Option 1,470,3.1
2016/17,Dumfries and Galloway,Option 2,0,0
2016/17,Dumfries and Galloway,Option 3,6585,44
2016/17,Dumfries and Galloway,Option 4,210,1.4
2016/17,Dundee City,Option 1,60,0.4
2016/17,Dundee City,Option 2,30,0.2
2016/17,Dundee City,Option 3,5240,35.3
2016/17,Dundee City,Option 4,5,0
2016/17,East Ayrshire,Option 1,240,2
2016/17,East Ayrshire,Option 2,170,1.4
2016/17,East Ayrshire,Option 3,585,4.8
2016/17,East Ayrshire,Option 4,50,0.4
2016/17,East Dunbartonshire,Option 1,210,2
2016/17,East Dunbartonshire,Option 2,150,1.4
2016/17,East Dunbartonshire,Option 3,1390,12.9
2016/17,East Dunbartonshire,Option 4,105,1
2016/17,East Lothian,Option 1,120,1.2
2016/17,East Lothian,Option 2,50,0.5
2016/17,East Lothian,Option 3,840,8.1
2016/17,East Lothian,Option 4,90,0.9
2016/17,East Renfrewshire,Option 1,170,1.8
2016/17,East Renfrewshire,Option 2,195,2.1
2016/17,East Renfrewshire,Option 3,435,4.6
2016/17,East Renfrewshire,Option 4,70,0.7
2016/17,Falkirk,Option 1,60,0.4
2016/17,Falkirk,Option 2,150,0.9
2016/17,Falkirk,Option 3,2650,16.6
2016/17,Falkirk,Option 4,100,0.6
2016/17,Fife,Option 1,490,1.3
2016/17,Fife,Option 2,15,0
2016/17,Fife,Option 3,2940,7.9
2016/17,Fife,Option 4,100,0.3
2016/17,Glasgow City,Option 1,490,0.8
2016/17,Glasgow City,Option 2,1720,2.8
2016/17,Glasgow City,Option 3,1230,2
2016/17,Glasgow City,Option 4,100,0.2
2016/17,Highland,Option 1,730,3.1
2016/17,Highland,Option 2,230,1
2016/17,Highland,Option 3,5415,23.1
2016/17,Highland,Option 4,275,1.2
2016/17,Inverclyde,Option 1,80,1
2016/17,Inverclyde,Option 2,200,2.5
2016/17,Inverclyde,Option 3,4075,51.5
2016/17,Inverclyde,Option 4,230,2.9
2016/17,Midlothian,Option 1,140,1.6
2016/17,Midlothian,Option 2,120,1.4
2016/17,Midlothian,Option 3,2145,24.2
2016/17,Midlothian,Option 4,115,1.3
2016/17,Moray,Option 1,200,2.1
2016/17,Moray,Option 2,220,2.3
2016/17,Moray,Option 3,905,9.4
2016/17,Moray,Option 4,10,0.1
2016/17,North Ayrshire,Option 1,210,1.5
2016/17,North Ayrshire,Option 2,25,0.2
2016/17,North Ayrshire,Option 3,6300,46.4
2016/17,North Ayrshire,Option 4,25,0.2
2016/17,North Lanarkshire,Option 1,210,0.6
2016/17,North Lanarkshire,Option 2,845,2.5
2016/17,North Lanarkshire,Option 3,150,0.4
2016/17,North Lanarkshire,Option 4,10,0
2016/17,Orkney Islands,Option 1,90,4.1
2016/17,Orkney Islands,Option 2,10,0.5
2016/17,Orkney Islands,Option 3,0,0
2016/17,Orkney Islands,Option 4,0,0
2016/17,Perth and Kinross,Option 1,290,1.9
2016/17,Perth and Kinross,Option 2,450,3
2016/17,Perth and Kinross,Option 3,4530,30.1
2016/17,Perth and Kinross,Option 4,455,3
2016/17,Renfrewshire,Option 1,210,1.2
2016/17,Renfrewshire,Option 2,40,0.2
2016/17,Renfrewshire,Option 3,625,3.6
2016/17,Renfrewshire,Option 4,45,0.3
2016/17,Scottish Borders,Option 1,360,3.1
2016/17,Scottish Borders,Option 2,10,0.1
2016/17,Scottish Borders,Option 3,1515,13.2
2016/17,Scottish Borders,Option 4,135,1.2
2016/17,Shetland Islands,Option 1,50,2.2
2016/17,Shetland Islands,Option 2,5,0.2
2016/17,Shetland Islands,Option 3,0,0
2016/17,Shetland Islands,Option 4,5,0.2
2016/17,South Ayrshire,Option 1,110,1
2016/17,South Ayrshire,Option 2,45,0.4
2016/17,South Ayrshire,Option 3,3115,27.7
2016/17,South Ayrshire,Option 4,20,0.2
2016/17,South Lanarkshire,Option 1,320,1
2016/17,South Lanarkshire,Option 2,55,0.2
2016/17,South Lanarkshire,Option 3,7215,22.8
2016/17,South Lanarkshire,Option 4,160,0.5
2016/17,Stirling,Option 1,40,0.4
2016/17,Stirling,Option 2,45,0.5
2016/17,Stirling,Option 3,1535,16.4
2016/17,Stirling,Option 4,25,0.3
2016/17,West Dunbartonshire,Option 1,110,1.2
2016/17,West Dunbartonshire,Option 2,5,0.1
2016/17,West Dunbartonshire,Option 3,0,0
2016/17,West Dunbartonshire,Option 4,0,0
2016/17,West Lothian,Option 1,210,1.2
2016/17,West Lothian,Option 2,1035,5.7
2016/17,West Lothian,Option 3,1640,9.1
2016/17,West Lothian,Option 4,415,2.3
2017/18,Scotland (Estimated),Any SDS,93900,17.3
2017/18,Scotland (Estimated),Option 1,9095,1.7
2017/18,Scotland (Estimated),Option 2,7460,1.4
2017/18,Scotland (Estimated),Option 3,81955,15.1
2017/18,Scotland (Estimated),Option 4,4485,0.8
2017/18,Aberdeen City,Any SDS,940,4.1
2017/18,Aberdeen City,Option 1,335,1.5
2017/18,Aberdeen City,Option 2,25,0.1
2017/18,Aberdeen City,Option 3,690,3
2017/18,Aberdeen City,Option 4,105,0.5
2017/18,Aberdeenshire,Any SDS,4470,17.1
2017/18,Aberdeenshire,Option 1,560,2.1
2017/18,Aberdeenshire,Option 2,35,0.1
2017/18,Aberdeenshire,Option 3,4180,16
2017/18,Aberdeenshire,Option 4,295,1.1
2017/18,Angus,Any SDS,2560,22
2017/18,Angus,Option 1,135,1.2
2017/18,Angus,Option 2,400,3.4
2017/18,Angus,Option 3,2020,17.4
2017/18,Angus,Option 4,110,0.9
2017/18,Argyll and Bute,Any SDS,1645,18.9
2017/18,Argyll and Bute,Option 1,180,2.1
2017/18,Argyll and Bute,Option 2,0,0
2017/18,Argyll and Bute,Option 3,1525,17.6
2017/18,Argyll and Bute,Option 4,60,0.7
2017/18,City of Edinburgh,Any SDS,5345,10.4
2017/18,City of Edinburgh,Option 1,1390,2.7
2017/18,City of Edinburgh,Option 2,455,0.9
2017/18,City of Edinburgh,Option 3,3890,7.6
2017/18,City of Edinburgh,Option 4,375,0.7
2017/18,Clackmannanshire,Any SDS,2565,49.9
2017/18,Clackmannanshire,Option 1,50,1
2017/18,Clackmannanshire,Option 2,50,1
2017/18,Clackmannanshire,Option 3,2545,49.5
2017/18,Clackmannanshire,Option 4,75,1.5
2017/18,Comhairle nan Eilean Siar,Any SDS,200,7.4
2017/18,Comhairle nan Eilean Siar,Option 1,100,3.7
2017/18,Comhairle nan Eilean Siar,Option 2,110,4.1
2017/18,Comhairle nan Eilean Siar,Option 3,0,0
2017/18,Comhairle nan Eilean Siar,Option 4,10,0.4
2017/18,Dumfries and Galloway,Any SDS,7030,47.1
2017/18,Dumfries and Galloway,Option 1,465,3.1
2017/18,Dumfries and Galloway,Option 2,0,0
2017/18,Dumfries and Galloway,Option 3,6790,45.5
2017/18,Dumfries and Galloway,Option 4,225,1.5
2017/18,Dundee City,Any SDS,7075,47.6
2017/18,Dundee City,Option 1,75,0.5
2017/18,Dundee City,Option 2,40,0.3
2017/18,Dundee City,Option 3,6970,46.9
2017/18,Dundee City,Option 4,10,0.1
2017/18,East Ayrshire,Any SDS,1705,14
2017/18,East Ayrshire,Option 1,205,1.7
2017/18,East Ayrshire,Option 2,155,1.3
2017/18,East Ayrshire,Option 3,1605,13.2
2017/18,East Ayrshire,Option 4,245,2
2017/18,East Dunbartonshire,Any SDS,1860,17.2
2017/18,East Dunbartonshire,Option 1,230,2.1
2017/18,East Dunbartonshire,Option 2,140,1.3
2017/18,East Dunbartonshire,Option 3,1610,14.9
2017/18,East Dunbartonshire,Option 4,115,1.1
2017/18,East Lothian,Any SDS,925,8.8
2017/18,East Lothian,Option 1,110,1
2017/18,East Lothian,Option 2,100,1
2017/18,East Lothian,Option 3,845,8.1
2017/18,East Lothian,Option 4,130,1.2
2017/18,East Renfrewshire,Any SDS,1025,10.8
2017/18,East Renfrewshire,Option 1,315,3.3
2017/18,East Renfrewshire,Option 2,185,2
2017/18,East Renfrewshire,Option 3,625,6.6
2017/18,East Renfrewshire,Option 4,95,1
2017/18,Falkirk,Any SDS,4025,25.1
2017/18,Falkirk,Option 1,60,0.4
2017/18,Falkirk,Option 2,465,2.9
2017/18,Falkirk,Option 3,3800,23.7
2017/18,Falkirk,Option 4,290,1.8
2017/18,Fife,Any SDS,4595,12.4
2017/18,Fife,Option 1,570,1.5
2017/18,Fife,Option 2,35,0.1
2017/18,Fife,Option 3,4110,11.1
2017/18,Fife,Option 4,115,0.3
2017/18,Glasgow City,Any SDS,3685,5.9
2017/18,Glasgow City,Option 1,650,1
2017/18,Glasgow City,Option 2,1555,2.5
2017/18,Glasgow City,Option 3,1595,2.6
2017/18,Glasgow City,Option 4,0,0
2017/18,Highland,Any SDS,8290,35.2
2017/18,Highland,Option 1,675,2.9
2017/18,Highland,Option 2,250,1.1
2017/18,Highland,Option 3,7390,31.4
2017/18,Highland,Option 4,25,0.1
2017/18,Inverclyde,Any SDS,2515,31.9
2017/18,Inverclyde,Option 1,75,1
2017/18,Inverclyde,Option 2,155,2
2017/18,Inverclyde,Option 3,2365,30
2017/18,Inverclyde,Option 4,80,1
2017/18,Midlothian,Any SDS,2430,27
2017/18,Midlothian,Option 1,130,1.4
2017/18,Midlothian,Option 2,110,1.2
2017/18,Midlothian,Option 3,2275,25.3
2017/18,Midlothian,Option 4,85,0.9
2017/18,Moray,Any SDS,1205,12.6
2017/18,Moray,Option 1,235,2.5
2017/18,Moray,Option 2,225,2.3
2017/18,Moray,Option 3,910,9.5
2017/18,Moray,Option 4,155,1.6
2017/18,North Ayrshire,Any SDS,7130,52.5
2017/18,North Ayrshire,Option 1,205,1.5
2017/18,North Ayrshire,Option 2,25,0.2
2017/18,North Ayrshire,Option 3,7130,52.5
2017/18,North Ayrshire,Option 4,230,1.7
2017/18,North Lanarkshire,Any SDS,1260,3.7
2017/18,North Lanarkshire,Option 1,235,0.7
2017/18,North Lanarkshire,Option 2,835,2.5
2017/18,North Lanarkshire,Option 3,215,0.6
2017/18,North Lanarkshire,Option 4,20,0.1
2017/18,Orkney Islands,Any SDS,115,5.2
2017/18,Orkney Islands,Option 1,95,4.3
2017/18,Orkney Islands,Option 2,25,1.1
2017/18,Orkney Islands,Option 3,0,0
2017/18,Orkney Islands,Option 4,5,0.2
2017/18,Perth and Kinross,Any SDS,4645,30.7
2017/18,Perth and Kinross,Option 1,335,2.2
2017/18,Perth and Kinross,Option 2,745,4.9
2017/18,Perth and Kinross,Option 3,4305,28.5
2017/18,Perth and Kinross,Option 4,710,4.7
2017/18,Renfrewshire,Any SDS,3680,20.8
2017/18,Renfrewshire,Option 1,230,1.3
2017/18,Renfrewshire,Option 2,100,0.6
2017/18,Renfrewshire,Option 3,3480,19.7
2017/18,Renfrewshire,Option 4,130,0.7
2017/18,Scottish Borders,Any SDS,2360,20.5
2017/18,Scottish Borders,Option 1,450,3.9
2017/18,Scottish Borders,Option 2,10,0.1
2017/18,Scottish Borders,Option 3,2080,18.1
2017/18,Scottish Borders,Option 4,175,1.5
2017/18,Shetland Islands,Any SDS,45,1.9
2017/18,Shetland Islands,Option 1,40,1.7
2017/18,Shetland Islands,Option 2,5,0.2
2017/18,Shetland Islands,Option 3,5,0.2
2017/18,Shetland Islands,Option 4,10,0.4
2017/18,South Ayrshire,Any SDS,3120,27.7
2017/18,South Ayrshire,Option 1,120,1.1
2017/18,South Ayrshire,Option 2,110,1
2017/18,South Ayrshire,Option 3,2915,25.9
2017/18,South Ayrshire,Option 4,25,0.2
2017/18,South Lanarkshire,Any SDS,2580,8.1
2017/18,South Lanarkshire,Option 1,450,1.4
2017/18,South Lanarkshire,Option 2,55,0.2
2017/18,South Lanarkshire,Option 3,2205,6.9
2017/18,South Lanarkshire,Option 4,125,0.4
2017/18,Stirling,Any SDS,1920,20.4
2017/18,Stirling,Option 1,80,0.9
2017/18,Stirling,Option 2,90,1
2017/18,Stirling,Option 3,1825,19.4
2017/18,Stirling,Option 4,70,0.7
2017/18,West Dunbartonshire,Any SDS,125,1.4
2017/18,West Dunbartonshire,Option 1,115,1.3
2017/18,West Dunbartonshire,Option 2,10,0.1
2017/18,West Dunbartonshire,Option 3,0,0
2017/18,West Dunbartonshire,Option 4,0,0
2017/18,West Lothian,Any SDS,2825,15.6
2017/18,West Lothian,Option 1,205,1.1
2017/18,West Lothian,Option 2,965,5.3
2017/18,West Lothian,Option 3,2055,11.3
2017/18,West Lothian,Option 4,385,2.1
2018/19,Scotland (Estimated),Any SDS,102905,18.9
2018/19,Scotland (Estimated),Option 1,9305,1.7
2018/19,Scotland (Estimated),Option 2,7020,1.3
2018/19,Scotland (Estimated),Option 3,91560,16.8
2018/19,Scotland (Estimated),Option 4,5010,0.9
2018/19,Aberdeen City,Any SDS,1030,4.5
2018/19,Aberdeen City,Option 1,275,1.2
2018/19,Aberdeen City,Option 2,10,0
2018/19,Aberdeen City,Option 3,835,3.7
2018/19,Aberdeen City,Option 4,90,0.4
2018/19,Aberdeenshire,Any SDS,4480,17.1
2018/19,Aberdeenshire,Option 1,420,1.6
2018/19,Aberdeenshire,Option 2,30,0.1
2018/19,Aberdeenshire,Option 3,4285,16.4
2018/19,Aberdeenshire,Option 4,260,1
2018/19,Angus,Any SDS,2140,18.4
2018/19,Angus,Option 1,140,1.2
2018/19,Angus,Option 2,430,3.7
2018/19,Angus,Option 3,1490,12.8
2018/19,Angus,Option 4,110,0.9
2018/19,Argyll and Bute,Any SDS,2120,24.6
2018/19,Argyll and Bute,Option 1,215,2.5
2018/19,Argyll and Bute,Option 2,0,0
2018/19,Argyll and Bute,Option 3,1955,22.7
2018/19,Argyll and Bute,Option 4,45,0.5
2018/19,City of Edinburgh,Any SDS,6040,11.6
2018/19,City of Edinburgh,Option 1,1565,3
2018/19,City of Edinburgh,Option 2,495,1
2018/19,City of Edinburgh,Option 3,4430,8.5
2018/19,City of Edinburgh,Option 4,430,0.8
2018/19,Clackmannanshire,Any SDS,2530,49.2
2018/19,Clackmannanshire,Option 1,40,0.8
2018/19,Clackmannanshire,Option 2,55,1.1
2018/19,Clackmannanshire,Option 3,2510,48.8
2018/19,Clackmannanshire,Option 4,75,1.5
2018/19,Comhairle nan Eilean Siar,Any SDS,615,22.9
2018/19,Comhairle nan Eilean Siar,Option 1,90,3.4
2018/19,Comhairle nan Eilean Siar,Option 2,40,1.5
2018/19,Comhairle nan Eilean Siar,Option 3,535,19.9
2018/19,Comhairle nan Eilean Siar,Option 4,45,1.7
2018/19,Dumfries and Galloway,Any SDS,6985,46.9
2018/19,Dumfries and Galloway,Option 1,495,3.3
2018/19,Dumfries and Galloway,Option 2,15,0.1
2018/19,Dumfries and Galloway,Option 3,6720,45.2
2018/19,Dumfries and Galloway,Option 4,245,1.6
2018/19,Dundee City,Any SDS,7665,51.5
2018/19,Dundee City,Option 1,105,0.7
2018/19,Dundee City,Option 2,70,0.5
2018/19,Dundee City,Option 3,7495,50.4
2018/19,Dundee City,Option 4,5,0
2018/19,East Ayrshire,Any SDS,2060,16.9
2018/19,East Ayrshire,Option 1,210,1.7
2018/19,East Ayrshire,Option 2,155,1.3
2018/19,East Ayrshire,Option 3,1785,14.7
2018/19,East Ayrshire,Option 4,85,0.7
2018/19,East Dunbartonshire,Any SDS,1965,18.1
2018/19,East Dunbartonshire,Option 1,235,2.2
2018/19,East Dunbartonshire,Option 2,155,1.4
2018/19,East Dunbartonshire,Option 3,1705,15.7
2018/19,East Dunbartonshire,Option 4,130,1.2
2018/19,East Lothian,Any SDS,1000,9.5
2018/19,East Lothian,Option 1,125,1.2
2018/19,East Lothian,Option 2,200,1.9
2018/19,East Lothian,Option 3,830,7.8
2018/19,East Lothian,Option 4,145,1.4
2018/19,East Renfrewshire,Any SDS,1055,11.1
2018/19,East Renfrewshire,Option 1,345,3.6
2018/19,East Renfrewshire,Option 2,170,1.8
2018/19,East Renfrewshire,Option 3,620,6.5
2018/19,East Renfrewshire,Option 4,75,0.8
2018/19,Falkirk,Any SDS,4290,26.8
2018/19,Falkirk,Option 1,65,0.4
2018/19,Falkirk,Option 2,370,2.3
2018/19,Falkirk,Option 3,4060,25.3
2018/19,Falkirk,Option 4,200,1.2
2018/19,Fife,Any SDS,9415,25.3
2018/19,Fife,Option 1,540,1.5
2018/19,Fife,Option 2,85,0.2
2018/19,Fife,Option 3,9160,24.6
2018/19,Fife,Option 4,370,1
2018/19,Glasgow City,Any SDS,3860,6.2
2018/19,Glasgow City,Option 1,665,1.1
2018/19,Glasgow City,Option 2,655,1
2018/19,Glasgow City,Option 3,3315,5.3
2018/19,Glasgow City,Option 4,725,1.2
2018/19,Highland,Any SDS,7945,33.7
2018/19,Highland,Option 1,440,1.9
2018/19,Highland,Option 2,285,1.2
2018/19,Highland,Option 3,7245,30.8
2018/19,Highland,Option 4,20,0.1
2018/19,Inverclyde,Any SDS,2490,31.9
2018/19,Inverclyde,Option 1,70,0.9
2018/19,Inverclyde,Option 2,130,1.7
2018/19,Inverclyde,Option 3,2355,30.1
2018/19,Inverclyde,Option 4,60,0.8
2018/19,Midlothian,Any SDS,2100,23
2018/19,Midlothian,Option 1,190,2.1
2018/19,Midlothian,Option 2,80,0.9
2018/19,Midlothian,Option 3,2000,21.9
2018/19,Midlothian,Option 4,170,1.9
2018/19,Moray,Any SDS,1015,10.6
2018/19,Moray,Option 1,240,2.5
2018/19,Moray,Option 2,180,1.9
2018/19,Moray,Option 3,705,7.4
2018/19,Moray,Option 4,105,1.1
2018/19,North Ayrshire,Any SDS,7275,53.8
2018/19,North Ayrshire,Option 1,200,1.5
2018/19,North Ayrshire,Option 2,55,0.4
2018/19,North Ayrshire,Option 3,7025,51.9
2018/19,North Ayrshire,Option 4,5,0
2018/19,North Lanarkshire,Any SDS,1390,4.1
2018/19,North Lanarkshire,Option 1,250,0.7
2018/19,North Lanarkshire,Option 2,1015,3
2018/19,North Lanarkshire,Option 3,140,0.4
2018/19,North Lanarkshire,Option 4,15,0
2018/19,Orkney Islands,Any SDS,115,5.2
2018/19,Orkney Islands,Option 1,95,4.3
2018/19,Orkney Islands,Option 2,25,1.1
2018/19,Orkney Islands,Option 3,0,0
2018/19,Orkney Islands,Option 4,5,0.2
2018/19,Perth and Kinross,Any SDS,4900,32.4
2018/19,Perth and Kinross,Option 1,380,2.5
2018/19,Perth and Kinross,Option 2,1010,6.7
2018/19,Perth and Kinross,Option 3,4315,28.5
2018/19,Perth and Kinross,Option 4,775,5.1
2018/19,Renfrewshire,Any SDS,3490,19.6
2018/19,Renfrewshire,Option 1,210,1.2
2018/19,Renfrewshire,Option 2,110,0.6
2018/19,Renfrewshire,Option 3,3305,18.6
2018/19,Renfrewshire,Option 4,125,0.7
2018/19,Scottish Borders,Any SDS,2600,22.6
2018/19,Scottish Borders,Option 1,495,4.3
2018/19,Scottish Borders,Option 2,10,0.1
2018/19,Scottish Borders,Option 3,2315,20.1
2018/19,Scottish Borders,Option 4,220,1.9
2018/19,Shetland Islands,Any SDS,60,2.6
2018/19,Shetland Islands,Option 1,55,2.4
2018/19,Shetland Islands,Option 2,5,0.2
2018/19,Shetland Islands,Option 3,25,1.1
2018/19,Shetland Islands,Option 4,25,1.1
2018/19,South Ayrshire,Any SDS,4055,36
2018/19,South Ayrshire,Option 1,115,1
2018/19,South Ayrshire,Option 2,130,1.2
2018/19,South Ayrshire,Option 3,3830,34
2018/19,South Ayrshire,Option 4,15,0.1
2018/19,South Lanarkshire,Any SDS,1940,6.1
2018/19,South Lanarkshire,Option 1,630,2
2018/19,South Lanarkshire,Option 2,85,0.3
2018/19,South Lanarkshire,Option 3,1330,4.2
2018/19,South Lanarkshire,Option 4,105,0.3
2018/19,Stirling,Any SDS,1885,20
2018/19,Stirling,Option 1,70,0.7
2018/19,Stirling,Option 2,90,1
2018/19,Stirling,Option 3,1795,19
2018/19,Stirling,Option 4,70,0.7
2018/19,West Dunbartonshire,Any SDS,1595,17.9
2018/19,West Dunbartonshire,Option 1,115,1.3
2018/19,West Dunbartonshire,Option 2,10,0.1
2018/19,West Dunbartonshire,Option 3,1485,16.7
2018/19,West Dunbartonshire,Option 4,10,0.1
2018/19,West Lothian,Any SDS,2790,15.3
2018/19,West Lothian,Option 1,210,1.2
2018/19,West Lothian,Option 2,860,4.7
2018/19,West Lothian,Option 3,1965,10.8
2018/19,West Lothian,Option 4,240,1.3
2019/20,Scotland (Estimated),Any SDS,99245,18.2
2019/20,Scotland (Estimated),Option 1,9415,1.7
2019/20,Scotland (Estimated),Option 2,9030,1.7
2019/20,Scotland (Estimated),Option 3,86200,15.8
2019/20,Scotland (Estimated),Option 4,5440,1
2019/20,Aberdeen City,Any SDS,1030,4.5
2019/20,Aberdeen City,Option 1,275,1.2
2019/20,Aberdeen City,Option 2,10,0
2019/20,Aberdeen City,Option 3,835,3.7
2019/20,Aberdeen City,Option 4,90,0.4
2019/20,Aberdeenshire,Any SDS,3940,15.1
2019/20,Aberdeenshire,Option 1,405,1.6
2019/20,Aberdeenshire,Option 2,35,0.1
2019/20,Aberdeenshire,Option 3,3735,14.3
2019/20,Aberdeenshire,Option 4,235,0.9
2019/20,Angus,Any SDS,2620,22.5
2019/20,Angus,Option 1,170,1.5
2019/20,Angus,Option 2,595,5.1
2019/20,Angus,Option 3,1830,15.7
2019/20,Angus,Option 4,170,1.5
2019/20,Argyll and Bute,Any SDS,2160,25.2
2019/20,Argyll and Bute,Option 1,210,2.4
2019/20,Argyll and Bute,Option 2,255,3
2019/20,Argyll and Bute,Option 3,1865,21.7
2019/20,Argyll and Bute,Option 4,170,2
2019/20,City of Edinburgh,Any SDS,6415,12.2
2019/20,City of Edinburgh,Option 1,1665,3.2
2019/20,City of Edinburgh,Option 2,500,1
2019/20,City of Edinburgh,Option 3,4680,8.9
2019/20,City of Edinburgh,Option 4,420,0.8
2019/20,Clackmannanshire,Any SDS,2565,49.8
2019/20,Clackmannanshire,Option 1,40,0.8
2019/20,Clackmannanshire,Option 2,60,1.2
2019/20,Clackmannanshire,Option 3,2550,49.5
2019/20,Clackmannanshire,Option 4,80,1.6
2019/20,Comhairle nan Eilean Siar,Any SDS,100,3.7
2019/20,Comhairle nan Eilean Siar,Option 1,100,3.7
2019/20,Comhairle nan Eilean Siar,Option 2,30,1.1
2019/20,Comhairle nan Eilean Siar,Option 3,0,0
2019/20,Comhairle nan Eilean Siar,Option 4,30,1.1
2019/20,Dumfries and Galloway,Any SDS,7220,48.5
2019/20,Dumfries and Galloway,Option 1,550,3.7
2019/20,Dumfries and Galloway,Option 2,20,0.1
2019/20,Dumfries and Galloway,Option 3,6935,46.6
2019/20,Dumfries and Galloway,Option 4,280,1.9
2019/20,Dundee City,Any SDS,3100,20.8
2019/20,Dundee City,Option 1,120,0.8
2019/20,Dundee City,Option 2,160,1.1
2019/20,Dundee City,Option 3,2950,19.8
2019/20,Dundee City,Option 4,130,0.9
2019/20,East Ayrshire,Any SDS,1895,15.5
2019/20,East Ayrshire,Option 1,220,1.8
2019/20,East Ayrshire,Option 2,140,1.1
2019/20,East Ayrshire,Option 3,1605,13.2
2019/20,East Ayrshire,Option 4,65,0.5
2019/20,East Dunbartonshire,Any SDS,2085,19.2
2019/20,East Dunbartonshire,Option 1,240,2.2
2019/20,East Dunbartonshire,Option 2,165,1.5
2019/20,East Dunbartonshire,Option 3,1825,16.8
2019/20,East Dunbartonshire,Option 4,130,1.2
2019/20,East Lothian,Any SDS,1000,9.3
2019/20,East Lothian,Option 1,105,1
2019/20,East Lothian,Option 2,120,1.1
2019/20,East Lothian,Option 3,900,8.4
2019/20,East Lothian,Option 4,115,1.1
2019/20,East Renfrewshire,Any SDS,1165,12.2
2019/20,East Renfrewshire,Option 1,395,4.1
2019/20,East Renfrewshire,Option 2,180,1.9
2019/20,East Renfrewshire,Option 3,715,7.5
2019/20,East Renfrewshire,Option 4,120,1.3
2019/20,Falkirk,Any SDS,4490,27.9
2019/20,Falkirk,Option 1,60,0.4
2019/20,Falkirk,Option 2,455,2.8
2019/20,Falkirk,Option 3,4355,27.1
2019/20,Falkirk,Option 4,370,2.3
2019/20,Fife,Any SDS,8925,23.9
2019/20,Fife,Option 1,570,1.5
2019/20,Fife,Option 2,165,0.4
2019/20,Fife,Option 3,8505,22.8
2019/20,Fife,Option 4,310,0.8
2019/20,Glasgow City,Any SDS,3965,6.3
2019/20,Glasgow City,Option 1,715,1.1
2019/20,Glasgow City,Option 2,1860,2.9
2019/20,Glasgow City,Option 3,1930,3
2019/20,Glasgow City,Option 4,505,0.8
2019/20,Highland,Any SDS,8195,34.7
2019/20,Highland,Option 1,435,1.8
2019/20,Highland,Option 2,325,1.4
2019/20,Highland,Option 3,7455,31.6
2019/20,Highland,Option 4,25,0.1
2019/20,Inverclyde,Any SDS,2540,32.6
2019/20,Inverclyde,Option 1,70,0.9
2019/20,Inverclyde,Option 2,155,2
2019/20,Inverclyde,Option 3,2425,31.2
2019/20,Inverclyde,Option 4,110,1.4
2019/20,Midlothian,Any SDS,2880,31.1
2019/20,Midlothian,Option 1,90,1
2019/20,Midlothian,Option 2,60,0.6
2019/20,Midlothian,Option 3,2830,30.6
2019/20,Midlothian,Option 4,100,1.1
2019/20,Moray,Any SDS,1005,10.5
2019/20,Moray,Option 1,260,2.7
2019/20,Moray,Option 2,95,1
2019/20,Moray,Option 3,735,7.7
2019/20,Moray,Option 4,80,0.8
2019/20,North Ayrshire,Any SDS,7210,53.5
2019/20,North Ayrshire,Option 1,215,1.6
2019/20,North Ayrshire,Option 2,80,0.6
2019/20,North Ayrshire,Option 3,6935,51.5
2019/20,North Ayrshire,Option 4,20,0.1
2019/20,North Lanarkshire,Any SDS,1515,4.4
2019/20,North Lanarkshire,Option 1,280,0.8
2019/20,North Lanarkshire,Option 2,1145,3.4
2019/20,North Lanarkshire,Option 3,120,0.4
2019/20,North Lanarkshire,Option 4,25,0.1
2019/20,Orkney Islands,Any SDS,125,5.6
2019/20,Orkney Islands,Option 1,75,3.4
2019/20,Orkney Islands,Option 2,55,2.5
2019/20,Orkney Islands,Option 3,0,0
2019/20,Orkney Islands,Option 4,0,0
2019/20,Perth and Kinross,Any SDS,5350,35.2
2019/20,Perth and Kinross,Option 1,410,2.7
2019/20,Perth and Kinross,Option 2,1185,7.8
2019/20,Perth and Kinross,Option 3,4595,30.2
2019/20,Perth and Kinross,Option 4,805,5.3
2019/20,Renfrewshire,Any SDS,3470,19.4
2019/20,Renfrewshire,Option 1,285,1.6
2019/20,Renfrewshire,Option 2,170,0.9
2019/20,Renfrewshire,Option 3,3240,18.1
2019/20,Renfrewshire,Option 4,215,1.2
2019/20,Scottish Borders,Any SDS,2970,25.7
2019/20,Scottish Borders,Option 1,605,5.2
2019/20,Scottish Borders,Option 2,15,0.1
2019/20,Scottish Borders,Option 3,2590,22.4
2019/20,Scottish Borders,Option 4,240,2.1
2019/20,Shetland Islands,Any SDS,75,3.3
2019/20,Shetland Islands,Option 1,70,3.1
2019/20,Shetland Islands,Option 2,5,0.2
2019/20,Shetland Islands,Option 3,35,1.5
2019/20,Shetland Islands,Option 4,35,1.5
2019/20,South Ayrshire,Any SDS,4055,36
2019/20,South Ayrshire,Option 1,115,1
2019/20,South Ayrshire,Option 2,130,1.2
2019/20,South Ayrshire,Option 3,3830,34
2019/20,South Ayrshire,Option 4,15,0.1
2019/20,South Lanarkshire,Any SDS,1335,4.2
2019/20,South Lanarkshire,Option 1,300,0.9
2019/20,South Lanarkshire,Option 2,65,0.2
2019/20,South Lanarkshire,Option 3,1165,3.6
2019/20,South Lanarkshire,Option 4,190,0.6
2019/20,Stirling,Any SDS,1950,20.7
2019/20,Stirling,Option 1,65,0.7
2019/20,Stirling,Option 2,85,0.9
2019/20,Stirling,Option 3,1855,19.7
2019/20,Stirling,Option 4,55,0.6
2019/20,West Dunbartonshire,Any SDS,1390,15.6
2019/20,West Dunbartonshire,Option 1,110,1.2
2019/20,West Dunbartonshire,Option 2,15,0.2
2019/20,West Dunbartonshire,Option 3,1265,14.2
2019/20,West Dunbartonshire,Option 4,0,0
2019/20,West Lothian,Any SDS,2490,13.6
2019/20,West Lothian,Option 1,195,1.1
2019/20,West Lothian,Option 2,690,3.8
2019/20,West Lothian,Option 3,1915,10.5
2019/20,West Lothian,Option 4,305,1.7
2020/21,Scotland (Estimated),Any SDS,105790,19.4
2020/21,Scotland (Estimated),Option 1,9495,1.7
2020/21,Scotland (Estimated),Option 2,8735,1.6
2020/21,Scotland (Estimated),Option 3,92795,17
2020/21,Scotland (Estimated),Option 4,5340,1
2020/21,Aberdeen City,Any SDS,1030,4.5
2020/21,Aberdeen City,Option 1,275,1.2
2020/21,Aberdeen City,Option 2,10,0
2020/21,Aberdeen City,Option 3,835,3.6
2020/21,Aberdeen City,Option 4,90,0.4
2020/21,Aberdeenshire,Any SDS,3940,15.1
2020/21,Aberdeenshire,Option 1,405,1.6
2020/21,Aberdeenshire,Option 2,35,0.1
2020/21,Aberdeenshire,Option 3,3735,14.3
2020/21,Aberdeenshire,Option 4,235,0.9
2020/21,Angus,Any SDS,2465,21.3
2020/21,Angus,Option 1,175,1.5
2020/21,Angus,Option 2,535,4.6
2020/21,Angus,Option 3,1700,14.7
2020/21,Angus,Option 4,175,1.5
2020/21,Argyll and Bute,Any SDS,2240,26.2
2020/21,Argyll and Bute,Option 1,225,2.6
2020/21,Argyll and Bute,Option 2,205,2.4
2020/21,Argyll and Bute,Option 3,1995,23.4
2020/21,Argyll and Bute,Option 4,180,2.1
2020/21,City of Edinburgh,Any SDS,8745,16.6
2020/21,City of Edinburgh,Option 1,1770,3.4
2020/21,City of Edinburgh,Option 2,495,0.9
2020/21,City of Edinburgh,Option 3,7060,13.4
2020/21,City of Edinburgh,Option 4,565,1.1
2020/21,Clackmannanshire,Any SDS,2530,49.3
2020/21,Clackmannanshire,Option 1,35,0.7
2020/21,Clackmannanshire,Option 2,45,0.9
2020/21,Clackmannanshire,Option 3,2510,48.9
2020/21,Clackmannanshire,Option 4,55,1.1
2020/21,Comhairle nan Eilean Siar,Any SDS,680,25.7
2020/21,Comhairle nan Eilean Siar,Option 1,135,5.1
2020/21,Comhairle nan Eilean Siar,Option 2,65,2.5
2020/21,Comhairle nan Eilean Siar,Option 3,545,20.6
2020/21,Comhairle nan Eilean Siar,Option 4,75,2.8
2020/21,Dumfries and Galloway,Any SDS,7025,47.4
2020/21,Dumfries and Galloway,Option 1,480,3.2
2020/21,Dumfries and Galloway,Option 2,20,0.1
2020/21,Dumfries and Galloway,Option 3,6790,45.8
2020/21,Dumfries and Galloway,Option 4,260,1.8
2020/21,Dundee City,Any SDS,3180,21.4
2020/21,Dundee City,Option 1,145,1
2020/21,Dundee City,Option 2,125,0.8
2020/21,Dundee City,Option 3,2925,19.7
2020/21,Dundee City,Option 4,10,0.1
2020/21,East Ayrshire,Any SDS,3155,25.9
2020/21,East Ayrshire,Option 1,230,1.9
2020/21,East Ayrshire,Option 2,235,1.9
2020/21,East Ayrshire,Option 3,2880,23.7
2020/21,East Ayrshire,Option 4,185,1.5
2020/21,East Dunbartonshire,Any SDS,2275,20.9
2020/21,East Dunbartonshire,Option 1,215,2
2020/21,East Dunbartonshire,Option 2,175,1.6
2020/21,East Dunbartonshire,Option 3,2030,18.7
2020/21,East Dunbartonshire,Option 4,145,1.3
2020/21,East Lothian,Any SDS,1000,9.3
2020/21,East Lothian,Option 1,105,1
2020/21,East Lothian,Option 2,120,1.1
2020/21,East Lothian,Option 3,900,8.3
2020/21,East Lothian,Option 4,115,1.1
2020/21,East Renfrewshire,Any SDS,1155,12
2020/21,East Renfrewshire,Option 1,370,3.9
2020/21,East Renfrewshire,Option 2,180,1.9
2020/21,East Renfrewshire,Option 3,715,7.4
2020/21,East Renfrewshire,Option 4,110,1.1
2020/21,Falkirk,Any SDS,4455,27.7
2020/21,Falkirk,Option 1,60,0.4
2020/21,Falkirk,Option 2,270,1.7
2020/21,Falkirk,Option 3,4405,27.4
2020/21,Falkirk,Option 4,280,1.7
2020/21,Fife,Any SDS,9420,25.2
2020/21,Fife,Option 1,545,1.5
2020/21,Fife,Option 2,200,0.5
2020/21,Fife,Option 3,8955,23.9
2020/21,Fife,Option 4,280,0.7
2020/21,Glasgow City,Any SDS,4130,6.5
2020/21,Glasgow City,Option 1,800,1.3
2020/21,Glasgow City,Option 2,2020,3.2
2020/21,Glasgow City,Option 3,1965,3.1
2020/21,Glasgow City,Option 4,615,1
2020/21,Highland,Any SDS,8140,34.6
2020/21,Highland,Option 1,450,1.9
2020/21,Highland,Option 2,280,1.2
2020/21,Highland,Option 3,7430,31.6
2020/21,Highland,Option 4,25,0.1
2020/21,Inverclyde,Any SDS,2540,33
2020/21,Inverclyde,Option 1,70,0.9
2020/21,Inverclyde,Option 2,155,2
2020/21,Inverclyde,Option 3,2425,31.5
2020/21,Inverclyde,Option 4,110,1.4
2020/21,Midlothian,Any SDS,3480,37.4
2020/21,Midlothian,Option 1,200,2.1
2020/21,Midlothian,Option 2,55,0.6
2020/21,Midlothian,Option 3,3345,35.9
2020/21,Midlothian,Option 4,120,1.3
2020/21,Moray,Any SDS,1765,18.4
2020/21,Moray,Option 1,225,2.4
2020/21,Moray,Option 2,115,1.2
2020/21,Moray,Option 3,1560,16.3
2020/21,Moray,Option 4,125,1.3
2020/21,North Ayrshire,Any SDS,7010,52.2
2020/21,North Ayrshire,Option 1,200,1.5
2020/21,North Ayrshire,Option 2,155,1.2
2020/21,North Ayrshire,Option 3,6745,50.2
2020/21,North Ayrshire,Option 4,90,0.7
2020/21,North Lanarkshire,Any SDS,1515,4.4
2020/21,North Lanarkshire,Option 1,315,0.9
2020/21,North Lanarkshire,Option 2,1110,3.3
2020/21,North Lanarkshire,Option 3,120,0.4
2020/21,North Lanarkshire,Option 4,30,0.1
2020/21,Orkney Islands,Any SDS,125,5.6
2020/21,Orkney Islands,Option 1,75,3.3
2020/21,Orkney Islands,Option 2,55,2.5
2020/21,Orkney Islands,Option 3,0,0
2020/21,Orkney Islands,Option 4,0,0
2020/21,Perth and Kinross,Any SDS,5405,35.6
2020/21,Perth and Kinross,Option 1,420,2.8
2020/21,Perth and Kinross,Option 2,1100,7.2
2020/21,Perth and Kinross,Option 3,4665,30.7
2020/21,Perth and Kinross,Option 4,755,5
2020/21,Renfrewshire,Any SDS,3825,21.3
2020/21,Renfrewshire,Option 1,335,1.9
2020/21,Renfrewshire,Option 2,230,1.3
2020/21,Renfrewshire,Option 3,3450,19.2
2020/21,Renfrewshire,Option 4,185,1
2020/21,Scottish Borders,Any SDS,3005,26.1
2020/21,Scottish Borders,Option 1,625,5.4
2020/21,Scottish Borders,Option 2,20,0.2
2020/21,Scottish Borders,Option 3,2585,22.4
2020/21,Scottish Borders,Option 4,230,2
2020/21,Shetland Islands,Any SDS,115,5
2020/21,Shetland Islands,Option 1,110,4.8
2020/21,Shetland Islands,Option 2,5,0.2
2020/21,Shetland Islands,Option 3,35,1.5
2020/21,Shetland Islands,Option 4,35,1.5
2020/21,South Ayrshire,Any SDS,4055,36.2
2020/21,South Ayrshire,Option 1,115,1
2020/21,South Ayrshire,Option 2,130,1.2
2020/21,South Ayrshire,Option 3,3830,34.2
2020/21,South Ayrshire,Option 4,15,0.1
2020/21,South Lanarkshire,Any SDS,1885,5.9
2020/21,South Lanarkshire,Option 1,40,0.1
2020/21,South Lanarkshire,Option 2,45,0.1
2020/21,South Lanarkshire,Option 3,1825,5.7
2020/21,South Lanarkshire,Option 4,30,0.1
2020/21,Stirling,Any SDS,2010,21.4
2020/21,Stirling,Option 1,65,0.7
2020/21,Stirling,Option 2,75,0.8
2020/21,Stirling,Option 3,1910,20.3
2020/21,Stirling,Option 4,40,0.4
2020/21,West Dunbartonshire,Any SDS,855,9.7
2020/21,West Dunbartonshire,Option 1,105,1.2
2020/21,West Dunbartonshire,Option 2,15,0.2
2020/21,West Dunbartonshire,Option 3,740,8.4
2020/21,West Dunbartonshire,Option 4,0,0
2020/21,West Lothian,Any SDS,2635,14.3
2020/21,West Lothian,Option 1,175,1
2020/21,West Lothian,Option 2,455,2.5
2020/21,West Lothian,Option 3,2185,11.9
2020/21,West Lothian,Option 4,175,1
